This is XeTeX, Version 3.141592653-2.6-0.999995 (TeX Live 2023) (preloaded format=xelatex 2024.3.8)  23 OCT 2025 11:16
entering extended mode
 restricted \write18 enabled.
 %&-line parsing enabled.
**myfile.tex
(./diff.tex
LaTeX2e <2023-11-01> patch level 1
L3 programming layer <2024-02-20>
(c:/Users/susan/AppData/Roaming/TinyTeX/texmf-dist/tex/latex/koma-script/scrreprt.cls
Document Class: scrreprt 2023/07/07 v3.41 KOMA-Script document class (report)
(c:/Users/susan/AppData/Roaming/TinyTeX/texmf-dist/tex/latex/koma-script/scrkbase.sty
Package: scrkbase 2023/07/07 v3.41 KOMA-Script package (KOMA-Script-dependent basics and keyval usage)
 (c:/Users/susan/AppData/Roaming/TinyTeX/texmf-dist/tex/latex/koma-script/scrbase.sty
Package: scrbase 2023/07/07 v3.41 KOMA-Script package (KOMA-Script-independent basics and keyval usage)
 (c:/Users/susan/AppData/Roaming/TinyTeX/texmf-dist/tex/latex/koma-script/scrlfile.sty
Package: scrlfile 2023/07/07 v3.41 KOMA-Script package (file load hooks)
 (c:/Users/susan/AppData/Roaming/TinyTeX/texmf-dist/tex/latex/koma-script/scrlfile-hook.sty
Package: scrlfile-hook 2023/07/07 v3.41 KOMA-Script package (using LaTeX hooks)
 (c:/Users/susan/AppData/Roaming/TinyTeX/texmf-dist/tex/latex/koma-script/scrlogo.sty
Package: scrlogo 2023/07/07 v3.41 KOMA-Script package (logo)
))) (c:/Users/susan/AppData/Roaming/TinyTeX/texmf-dist/tex/latex/graphics/keyval.sty
Package: keyval 2022/05/29 v1.15 key=value parser (DPC)
\KV@toks@=\toks17
)
Applying: [2021/05/01] Usage of raw or classic option list on input line 252.
Already applied: [0000/00/00] Usage of raw or classic option list on input line 368.
)) (c:/Users/susan/AppData/Roaming/TinyTeX/texmf-dist/tex/latex/koma-script/tocbasic.sty
Package: tocbasic 2023/07/07 v3.41 KOMA-Script package (handling toc-files)
\scr@dte@tocline@numberwidth=\skip48
\scr@dte@tocline@numbox=\box51
)
Package tocbasic Info: omitting babel extension for `toc'
(tocbasic)             because of feature `nobabel' available
(tocbasic)             for `toc' on input line 135.
Package scrreprt Info: You've used standard option `11pt'.
(scrreprt)             This is correct!
(scrreprt)             Internally I'm using `fontsize=11pt'.
(scrreprt)             If you'd like to set the option with \KOMAoptions,
(scrreprt)             you'd have to use `fontsize=11pt' there
(scrreprt)             instead of `11pt', too.
Class scrreprt Info: File `scrsize11pt.clo' used to setup font sizes on input line 2688.
 (c:/Users/susan/AppData/Roaming/TinyTeX/texmf-dist/tex/latex/koma-script/scrsize11pt.clo
File: scrsize11pt.clo 2023/07/07 v3.41 KOMA-Script font size class option (11pt)
) (c:/Users/susan/AppData/Roaming/TinyTeX/texmf-dist/tex/latex/koma-script/typearea.sty
Package: typearea 2023/07/07 v3.41 KOMA-Script package (type area)
\ta@bcor=\skip49
\ta@div=\count184
Package typearea Info: You've used standard option `letterpaper'.
(typearea)             This is correct!
(typearea)             Internally I'm using `paper=letter'.
(typearea)             If you'd like to set the option with \KOMAoptions,
(typearea)             you'd have to use `paper=letter' there
(typearea)             instead of `letterpaper', too.
\ta@hblk=\skip50
\ta@vblk=\skip51
\ta@temp=\skip52
\footheight=\skip53
Package typearea Info: With paper sizes other than (almost) `A4' predefined
(typearea)             DIV values do not exist. Using DIV calculation for good
(typearea)             line width (unless using `version=3.24` or prior).

DIV calculation for typearea with good linewidth.
Package typearea Info: These are the values describing the layout:
(typearea)             DIV  = 7
(typearea)             BCOR = 0.0pt
(typearea)             \paperwidth      = 614.295pt
(typearea)              \textwidth      = 351.02573pt
(typearea)              DIV departure   = 3%
(typearea)              \evensidemargin = 59.36464pt
(typearea)              \oddsidemargin  = 59.36464pt
(typearea)             \paperheight     = 794.96999pt
(typearea)              \textheight     = 459.8002pt
(typearea)              \topmargin      = 3.89714pt
(typearea)              \headheight     = 17.0pt
(typearea)              \headsep        = 20.40001pt
(typearea)              \topskip        = 11.0pt
(typearea)              \footskip       = 47.6pt
(typearea)              \baselineskip   = 13.6pt
(typearea)              on input line 1799.
)
\c@part=\count185
\c@chapter=\count186
\c@section=\count187
\c@subsection=\count188
\c@subsubsection=\count189
\c@paragraph=\count190
\c@subparagraph=\count191
\scr@dte@chapter@maxnumwidth=\skip54
Class scrreprt Info: using compatibility default `afterindent=bysign'
(scrreprt)           for `\chapter on input line 5994.
\scr@dte@section@maxnumwidth=\skip55
Class scrreprt Info: using compatibility default `runin=bysign'
(scrreprt)           for `\section on input line 6005.
Class scrreprt Info: using compatibility default `afterindent=bysign'
(scrreprt)           for `\section on input line 6005.
\scr@dte@part@maxnumwidth=\skip56
Class scrreprt Info: using compatibility default `afterindent=true'
(scrreprt)           for `\part on input line 6014.
\scr@dte@subsection@maxnumwidth=\skip57
Class scrreprt Info: using compatibility default `runin=bysign'
(scrreprt)           for `\subsection on input line 6024.
Class scrreprt Info: using compatibility default `afterindent=bysign'
(scrreprt)           for `\subsection on input line 6024.
\scr@dte@subsubsection@maxnumwidth=\skip58
Class scrreprt Info: using compatibility default `runin=bysign'
(scrreprt)           for `\subsubsection on input line 6034.
Class scrreprt Info: using compatibility default `afterindent=bysign'
(scrreprt)           for `\subsubsection on input line 6034.
\scr@dte@paragraph@maxnumwidth=\skip59
Class scrreprt Info: using compatibility default `runin=bysign'
(scrreprt)           for `\paragraph on input line 6045.
Class scrreprt Info: using compatibility default `afterindent=bysign'
(scrreprt)           for `\paragraph on input line 6045.
\scr@dte@subparagraph@maxnumwidth=\skip60
Class scrreprt Info: using compatibility default `runin=bysign'
(scrreprt)           for `\subparagraph on input line 6055.
Class scrreprt Info: using compatibility default `afterindent=bysign'
(scrreprt)           for `\subparagraph on input line 6055.
\abovecaptionskip=\skip61
\belowcaptionskip=\skip62
\c@pti@nb@sid@b@x=\box52
Package tocbasic Info: omitting babel extension for `lof'
(tocbasic)             because of feature `nobabel' available
(tocbasic)             for `lof' on input line 7240.
\scr@dte@figure@maxnumwidth=\skip63
\c@figure=\count192
Package tocbasic Info: omitting babel extension for `lot'
(tocbasic)             because of feature `nobabel' available
(tocbasic)             for `lot' on input line 7257.
\scr@dte@table@maxnumwidth=\skip64
\c@table=\count193
Class scrreprt Info: Redefining `\numberline' on input line 7428.
\bibindent=\dimen140
) (c:/Users/susan/AppData/Roaming/TinyTeX/texmf-dist/tex/latex/amsmath/amsmath.sty
Package: amsmath 2023/05/13 v2.17o AMS math features
\@mathmargin=\skip65

For additional information on amsmath, use the `?' option.
(c:/Users/susan/AppData/Roaming/TinyTeX/texmf-dist/tex/latex/amsmath/amstext.sty
Package: amstext 2021/08/26 v2.01 AMS text
 (c:/Users/susan/AppData/Roaming/TinyTeX/texmf-dist/tex/latex/amsmath/amsgen.sty
File: amsgen.sty 1999/11/30 v2.0 generic functions
\@emptytoks=\toks18
\ex@=\dimen141
)) (c:/Users/susan/AppData/Roaming/TinyTeX/texmf-dist/tex/latex/amsmath/amsbsy.sty
Package: amsbsy 1999/11/29 v1.2d Bold Symbols
\pmbraise@=\dimen142
) (c:/Users/susan/AppData/Roaming/TinyTeX/texmf-dist/tex/latex/amsmath/amsopn.sty
Package: amsopn 2022/04/08 v2.04 operator names
)
\inf@bad=\count194
LaTeX Info: Redefining \frac on input line 234.
\uproot@=\count195
\leftroot@=\count196
LaTeX Info: Redefining \overline on input line 399.
LaTeX Info: Redefining \colon on input line 410.
\classnum@=\count197
\DOTSCASE@=\count198
LaTeX Info: Redefining \ldots on input line 496.
LaTeX Info: Redefining \dots on input line 499.
LaTeX Info: Redefining \cdots on input line 620.
\Mathstrutbox@=\box53
\strutbox@=\box54
LaTeX Info: Redefining \big on input line 722.
LaTeX Info: Redefining \Big on input line 723.
LaTeX Info: Redefining \bigg on input line 724.
LaTeX Info: Redefining \Bigg on input line 725.
\big@size=\dimen143
LaTeX Font Info:    Redeclaring font encoding OML on input line 743.
LaTeX Font Info:    Redeclaring font encoding OMS on input line 744.
\macc@depth=\count199
LaTeX Info: Redefining \bmod on input line 905.
LaTeX Info: Redefining \pmod on input line 910.
LaTeX Info: Redefining \smash on input line 940.
LaTeX Info: Redefining \relbar on input line 970.
LaTeX Info: Redefining \Relbar on input line 971.
\c@MaxMatrixCols=\count266
\dotsspace@=\muskip16
\c@parentequation=\count267
\dspbrk@lvl=\count268
\tag@help=\toks19
\row@=\count269
\column@=\count270
\maxfields@=\count271
\andhelp@=\toks20
\eqnshift@=\dimen144
\alignsep@=\dimen145
\tagshift@=\dimen146
\tagwidth@=\dimen147
\totwidth@=\dimen148
\lineht@=\dimen149
\@envbody=\toks21
\multlinegap=\skip66
\multlinetaggap=\skip67
\mathdisplay@stack=\toks22
LaTeX Info: Redefining \[ on input line 2953.
LaTeX Info: Redefining \] on input line 2954.
) (c:/Users/susan/AppData/Roaming/TinyTeX/texmf-dist/tex/latex/amsfonts/amssymb.sty
Package: amssymb 2013/01/14 v3.01 AMS font symbols
 (c:/Users/susan/AppData/Roaming/TinyTeX/texmf-dist/tex/latex/amsfonts/amsfonts.sty
Package: amsfonts 2013/01/14 v3.01 Basic AMSFonts support
\symAMSa=\mathgroup4
\symAMSb=\mathgroup5
LaTeX Font Info:    Redeclaring math symbol \hbar on input line 98.
LaTeX Font Info:    Overwriting math alphabet `\mathfrak' in version `bold'
(Font)                  U/euf/m/n --> U/euf/b/n on input line 106.
)) (c:/Users/susan/AppData/Roaming/TinyTeX/texmf-dist/tex/generic/iftex/iftex.sty
Package: iftex 2022/02/03 v1.0f TeX engine tests
) (c:/Users/susan/AppData/Roaming/TinyTeX/texmf-dist/tex/latex/unicode-math/unicode-math.sty (c:/Users/susan/AppData/Roaming/TinyTeX/texmf-dist/tex/latex/l3kernel/expl3.sty
Package: expl3 2024-02-20 L3 programming layer (loader) 
 (c:/Users/susan/AppData/Roaming/TinyTeX/texmf-dist/tex/latex/l3backend/l3backend-xetex.def
File: l3backend-xetex.def 2024-02-20 L3 backend support: XeTeX
\g__graphics_track_int=\count272
\l__pdf_internal_box=\box55
\g__pdf_backend_object_int=\count273
\g__pdf_backend_annotation_int=\count274
\g__pdf_backend_link_int=\count275
))
Package: unicode-math 2023/08/13 v0.8r Unicode maths in XeLaTeX and LuaLaTeX
 (c:/Users/susan/AppData/Roaming/TinyTeX/texmf-dist/tex/latex/unicode-math/unicode-math-xetex.sty
Package: unicode-math-xetex 2023/08/13 v0.8r Unicode maths in XeLaTeX and LuaLaTeX
 (c:/Users/susan/AppData/Roaming/TinyTeX/texmf-dist/tex/latex/l3packages/xparse/xparse.sty
Package: xparse 2024-02-18 L3 Experimental document command parser
) (c:/Users/susan/AppData/Roaming/TinyTeX/texmf-dist/tex/latex/l3packages/l3keys2e/l3keys2e.sty
Package: l3keys2e 2024-02-18 LaTeX2e option processing using LaTeX3 keys
) (c:/Users/susan/AppData/Roaming/TinyTeX/texmf-dist/tex/latex/fontspec/fontspec.sty
Package: fontspec 2024/02/13 v2.9a Font selection for XeLaTeX and LuaLaTeX
 (c:/Users/susan/AppData/Roaming/TinyTeX/texmf-dist/tex/latex/fontspec/fontspec-xetex.sty
Package: fontspec-xetex 2024/02/13 v2.9a Font selection for XeLaTeX and LuaLaTeX
\l__fontspec_script_int=\count276
\l__fontspec_language_int=\count277
\l__fontspec_strnum_int=\count278
\l__fontspec_tmp_int=\count279
\l__fontspec_tmpa_int=\count280
\l__fontspec_tmpb_int=\count281
\l__fontspec_tmpc_int=\count282
\l__fontspec_em_int=\count283
\l__fontspec_emdef_int=\count284
\l__fontspec_strong_int=\count285
\l__fontspec_strongdef_int=\count286
\l__fontspec_tmpa_dim=\dimen150
\l__fontspec_tmpb_dim=\dimen151
\l__fontspec_tmpc_dim=\dimen152
 (c:/Users/susan/AppData/Roaming/TinyTeX/texmf-dist/tex/latex/base/fontenc.sty
Package: fontenc 2021/04/29 v2.0v Standard LaTeX package
) (c:/Users/susan/AppData/Roaming/TinyTeX/texmf-dist/tex/latex/fontspec/fontspec.cfg))) (c:/Users/susan/AppData/Roaming/TinyTeX/texmf-dist/tex/latex/base/fix-cm.sty
Package: fix-cm 2020/11/24 v1.1t fixes to LaTeX
 (c:/Users/susan/AppData/Roaming/TinyTeX/texmf-dist/tex/latex/base/ts1enc.def
File: ts1enc.def 2001/06/05 v3.0e (jk/car/fm) Standard LaTeX file
LaTeX Font Info:    Redeclaring font encoding TS1 on input line 47.
))
\g__um_fam_int=\count287
\g__um_fonts_used_int=\count288
\l__um_primecount_int=\count289
\g__um_primekern_muskip=\muskip17
 (c:/Users/susan/AppData/Roaming/TinyTeX/texmf-dist/tex/latex/unicode-math/unicode-math-table.tex))) (c:/Users/susan/AppData/Roaming/TinyTeX/texmf-dist/tex/latex/lm/lmodern.sty
Package: lmodern 2015/05/01 v1.6.1 Latin Modern Fonts
LaTeX Font Info:    Overwriting symbol font `operators' in version `normal'
(Font)                  OT1/cmr/m/n --> OT1/lmr/m/n on input line 22.
LaTeX Font Info:    Overwriting symbol font `letters' in version `normal'
(Font)                  OML/cmm/m/it --> OML/lmm/m/it on input line 23.
LaTeX Font Info:    Overwriting symbol font `symbols' in version `normal'
(Font)                  OMS/cmsy/m/n --> OMS/lmsy/m/n on input line 24.
LaTeX Font Info:    Overwriting symbol font `largesymbols' in version `normal'
(Font)                  OMX/cmex/m/n --> OMX/lmex/m/n on input line 25.
LaTeX Font Info:    Overwriting symbol font `operators' in version `bold'
(Font)                  OT1/cmr/bx/n --> OT1/lmr/bx/n on input line 26.
LaTeX Font Info:    Overwriting symbol font `letters' in version `bold'
(Font)                  OML/cmm/b/it --> OML/lmm/b/it on input line 27.
LaTeX Font Info:    Overwriting symbol font `symbols' in version `bold'
(Font)                  OMS/cmsy/b/n --> OMS/lmsy/b/n on input line 28.
LaTeX Font Info:    Overwriting symbol font `largesymbols' in version `bold'
(Font)                  OMX/cmex/m/n --> OMX/lmex/m/n on input line 29.
LaTeX Font Info:    Overwriting math alphabet `\mathbf' in version `normal'
(Font)                  OT1/cmr/bx/n --> OT1/lmr/bx/n on input line 31.
LaTeX Font Info:    Overwriting math alphabet `\mathsf' in version `normal'
(Font)                  OT1/cmss/m/n --> OT1/lmss/m/n on input line 32.
LaTeX Font Info:    Overwriting math alphabet `\mathit' in version `normal'
(Font)                  OT1/cmr/m/it --> OT1/lmr/m/it on input line 33.
LaTeX Font Info:    Overwriting math alphabet `\mathtt' in version `normal'
(Font)                  OT1/cmtt/m/n --> OT1/lmtt/m/n on input line 34.
LaTeX Font Info:    Overwriting math alphabet `\mathbf' in version `bold'
(Font)                  OT1/cmr/bx/n --> OT1/lmr/bx/n on input line 35.
LaTeX Font Info:    Overwriting math alphabet `\mathsf' in version `bold'
(Font)                  OT1/cmss/bx/n --> OT1/lmss/bx/n on input line 36.
LaTeX Font Info:    Overwriting math alphabet `\mathit' in version `bold'
(Font)                  OT1/cmr/bx/it --> OT1/lmr/bx/it on input line 37.
LaTeX Font Info:    Overwriting math alphabet `\mathtt' in version `bold'
(Font)                  OT1/cmtt/m/n --> OT1/lmtt/m/n on input line 38.
) (c:/Users/susan/AppData/Roaming/TinyTeX/texmf-dist/tex/latex/upquote/upquote.sty
Package: upquote 2012/04/19 v1.3 upright-quote and grave-accent glyphs in verbatim
 (c:/Users/susan/AppData/Roaming/TinyTeX/texmf-dist/tex/latex/base/textcomp.sty
Package: textcomp 2020/02/02 v2.0n Standard LaTeX package
)) (c:/Users/susan/AppData/Roaming/TinyTeX/texmf-dist/tex/latex/microtype/microtype.sty
Package: microtype 2023/03/13 v3.1a Micro-typographical refinements (RS)
 (c:/Users/susan/AppData/Roaming/TinyTeX/texmf-dist/tex/latex/etoolbox/etoolbox.sty
Package: etoolbox 2020/10/05 v2.5k e-TeX tools for LaTeX (JAW)
\etb@tempcnta=\count290
)
\MT@toks=\toks23
\MT@tempbox=\box56
\MT@count=\count291
LaTeX Info: Redefining \noprotrusionifhmode on input line 1059.
LaTeX Info: Redefining \leftprotrusion on input line 1060.
\MT@prot@toks=\toks24
LaTeX Info: Redefining \rightprotrusion on input line 1078.
LaTeX Info: Redefining \textls on input line 1368.
\MT@outer@kern=\dimen153
LaTeX Info: Redefining \textmicrotypecontext on input line 1988.
\MT@listname@count=\count292
 (c:/Users/susan/AppData/Roaming/TinyTeX/texmf-dist/tex/latex/microtype/microtype-xetex.def
File: microtype-xetex.def 2023/03/13 v3.1a Definitions specific to xetex (RS)
LaTeX Info: Redefining \lsstyle on input line 238.
)
Package microtype Info: Loading configuration file microtype.cfg.
 (c:/Users/susan/AppData/Roaming/TinyTeX/texmf-dist/tex/latex/microtype/microtype.cfg
File: microtype.cfg 2023/03/13 v3.1a microtype main configuration file (RS)
)) (c:/Users/susan/AppData/Roaming/TinyTeX/texmf-dist/tex/latex/xcolor/xcolor.sty
Package: xcolor 2023/11/15 v3.01 LaTeX color extensions (UK)
 (c:/Users/susan/AppData/Roaming/TinyTeX/texmf-dist/tex/latex/graphics-cfg/color.cfg
File: color.cfg 2016/01/02 v1.6 sample color configuration
)
Package xcolor Info: Driver file: xetex.def on input line 274.
 (c:/Users/susan/AppData/Roaming/TinyTeX/texmf-dist/tex/latex/graphics-def/xetex.def
File: xetex.def 2022/09/22 v5.0n Graphics/color driver for xetex
) (c:/Users/susan/AppData/Roaming/TinyTeX/texmf-dist/tex/latex/graphics/mathcolor.ltx)
Package xcolor Info: Model `cmy' substituted by `cmy0' on input line 1350.
Package xcolor Info: Model `RGB' extended on input line 1366.
Package xcolor Info: Model `HTML' substituted by `rgb' on input line 1368.
Package xcolor Info: Model `Hsb' substituted by `hsb' on input line 1369.
Package xcolor Info: Model `tHsb' substituted by `hsb' on input line 1370.
Package xcolor Info: Model `HSB' substituted by `hsb' on input line 1371.
Package xcolor Info: Model `Gray' substituted by `gray' on input line 1372.
Package xcolor Info: Model `wave' substituted by `hsb' on input line 1373.
) (c:/Users/susan/AppData/Roaming/TinyTeX/texmf-dist/tex/latex/graphics/dvipsnam.def
File: dvipsnam.def 2016/06/17 v3.0m Driver-dependent file (DPC,SPQR)
) (c:/Users/susan/AppData/Roaming/TinyTeX/texmf-dist/tex/latex/xcolor/svgnam.def
File: svgnam.def 2023/11/15 v3.01 Predefined colors according to SVG 1.1 (UK)
) (c:/Users/susan/AppData/Roaming/TinyTeX/texmf-dist/tex/latex/xcolor/x11nam.def
File: x11nam.def 2023/11/15 v3.01 Predefined colors according to Unix/X11 (UK)
) (c:/Users/susan/AppData/Roaming/TinyTeX/texmf-dist/tex/latex/tools/longtable.sty
Package: longtable 2023-11-01 v4.19 Multi-page Table package (DPC)
\LTleft=\skip68
\LTright=\skip69
\LTpre=\skip70
\LTpost=\skip71
\LTchunksize=\count293
\LTcapwidth=\dimen154
\LT@head=\box57
\LT@firsthead=\box58
\LT@foot=\box59
\LT@lastfoot=\box60
\LT@gbox=\box61
\LT@cols=\count294
\LT@rows=\count295
\c@LT@tables=\count296
\c@LT@chunks=\count297
\LT@p@ftn=\toks25
)
Class scrreprt Info: longtable captions redefined on input line 75.
 (c:/Users/susan/AppData/Roaming/TinyTeX/texmf-dist/tex/latex/booktabs/booktabs.sty
Package: booktabs 2020/01/12 v1.61803398 Publication quality tables
\heavyrulewidth=\dimen155
\lightrulewidth=\dimen156
\cmidrulewidth=\dimen157
\belowrulesep=\dimen158
\belowbottomsep=\dimen159
\aboverulesep=\dimen160
\abovetopsep=\dimen161
\cmidrulesep=\dimen162
\cmidrulekern=\dimen163
\defaultaddspace=\dimen164
\@cmidla=\count298
\@cmidlb=\count299
\@aboverulesep=\dimen165
\@belowrulesep=\dimen166
\@thisruleclass=\count300
\@lastruleclass=\count301
\@thisrulewidth=\dimen167
) (c:/Users/susan/AppData/Roaming/TinyTeX/texmf-dist/tex/latex/tools/array.sty
Package: array 2023/10/16 v2.5g Tabular extension package (FMi)
\col@sep=\dimen168
\ar@mcellbox=\box62
\extrarowheight=\dimen169
\NC@list=\toks26
\extratabsurround=\skip72
\backup@length=\skip73
\ar@cellbox=\box63
) (c:/Users/susan/AppData/Roaming/TinyTeX/texmf-dist/tex/latex/tools/calc.sty
Package: calc 2023/07/08 v4.3 Infix arithmetic (KKT,FJ)
\calc@Acount=\count302
\calc@Bcount=\count303
\calc@Adimen=\dimen170
\calc@Bdimen=\dimen171
\calc@Askip=\skip74
\calc@Bskip=\skip75
LaTeX Info: Redefining \setlength on input line 80.
LaTeX Info: Redefining \addtolength on input line 81.
\calc@Ccount=\count304
\calc@Cskip=\skip76
) (c:/Users/susan/AppData/Roaming/TinyTeX/texmf-dist/tex/latex/mdwtools/footnote.sty
Package: footnote 1997/01/28 1.13 Save footnotes around boxes
\fn@notes=\box64
\fn@width=\dimen172
) (c:/Users/susan/AppData/Roaming/TinyTeX/texmf-dist/tex/latex/graphics/graphicx.sty
Package: graphicx 2021/09/16 v1.2d Enhanced LaTeX Graphics (DPC,SPQR)
 (c:/Users/susan/AppData/Roaming/TinyTeX/texmf-dist/tex/latex/graphics/graphics.sty
Package: graphics 2022/03/10 v1.4e Standard LaTeX Graphics (DPC,SPQR)
 (c:/Users/susan/AppData/Roaming/TinyTeX/texmf-dist/tex/latex/graphics/trig.sty
Package: trig 2021/08/11 v1.11 sin cos tan (DPC)
) (c:/Users/susan/AppData/Roaming/TinyTeX/texmf-dist/tex/latex/graphics-cfg/graphics.cfg
File: graphics.cfg 2016/06/04 v1.11 sample graphics configuration
)
Package graphics Info: Driver file: xetex.def on input line 107.
)
\Gin@req@height=\dimen173
\Gin@req@width=\dimen174
)
\pandoc@box=\box65
\cslhangindent=\skip77
\csllabelwidth=\skip78
 (c:/Users/susan/AppData/Roaming/TinyTeX/texmf-dist/tex/latex/base/makeidx.sty
Package: makeidx 2021/10/04 v1.0m Standard LaTeX package
)
\@indexfile=\write3
\openout3 = `diff.idx'.


Writing index file diff.idx
(c:/Users/susan/AppData/Roaming/TinyTeX/texmf-dist/tex/latex/pdfpages/pdfpages.sty
Package: pdfpages 2024/01/21 v0.5y Insert pages of external PDF documents (AM)
 (c:/Users/susan/AppData/Roaming/TinyTeX/texmf-dist/tex/latex/base/ifthen.sty
Package: ifthen 2022/04/13 v1.1d Standard LaTeX ifthen package (DPC)
) (c:/Users/susan/AppData/Roaming/TinyTeX/texmf-dist/tex/latex/eso-pic/eso-pic.sty
Package: eso-pic 2023/05/03 v3.0c eso-pic (RN)
\ESO@tempdima=\dimen175
\ESO@tempdimb=\dimen176
)
\AM@pagewidth=\dimen177
\AM@pageheight=\dimen178
\AM@fboxrule=\dimen179
 (c:/Users/susan/AppData/Roaming/TinyTeX/texmf-dist/tex/latex/pdfpages/ppxetex.def
File: ppxetex.def 2024/01/21 v0.5y Pdfpages driver for XeTeX (AM)
)
\pdfpages@includegraphics@status=\count305
\AM@pagebox=\box66
\AM@global@opts=\toks27
\AM@pagecnt=\count306
\AM@toc@title=\toks28
\AM@lof@heading=\toks29
\c@AM@survey=\count307
\AM@templatesizebox=\box67
) (c:/Users/susan/AppData/Roaming/TinyTeX/texmf-dist/tex/latex/tools/afterpage.sty
Package: afterpage 2023/07/04 v1.08 After-Page Package (DPC)
\AP@output=\toks30
\AP@partial=\box68
\AP@footins=\box69
) (c:/Users/susan/AppData/Roaming/TinyTeX/texmf-dist/tex/latex/geometry/geometry.sty
Package: geometry 2020/01/02 v5.9 Page Geometry
 (c:/Users/susan/AppData/Roaming/TinyTeX/texmf-dist/tex/generic/iftex/ifvtex.sty
Package: ifvtex 2019/10/25 v1.7 ifvtex legacy package. Use iftex instead.
)
\Gm@cnth=\count308
\Gm@cntv=\count309
\c@Gm@tempcnt=\count310
\Gm@bindingoffset=\dimen180
\Gm@wd@mp=\dimen181
\Gm@odd@mp=\dimen182
\Gm@even@mp=\dimen183
\Gm@layoutwidth=\dimen184
\Gm@layoutheight=\dimen185
\Gm@layouthoffset=\dimen186
\Gm@layoutvoffset=\dimen187
\Gm@dimlist=\toks31
) (c:/Users/susan/AppData/Roaming/TinyTeX/texmf-dist/tex/latex/tools/tabularx.sty
Package: tabularx 2023/07/08 v2.11c `tabularx' package (DPC)
\TX@col@width=\dimen188
\TX@old@table=\dimen189
\TX@old@col=\dimen190
\TX@target=\dimen191
\TX@delta=\dimen192
\TX@cols=\count311
\TX@ftn=\toks32
) (c:/Users/susan/AppData/Roaming/TinyTeX/texmf-dist/tex/latex/bookmark/bookmark.sty
Package: bookmark 2023-12-10 v1.31 PDF bookmarks (HO)
 (c:/Users/susan/AppData/Roaming/TinyTeX/texmf-dist/tex/latex/hyperref/hyperref.sty
Package: hyperref 2024-01-20 v7.01h Hypertext links for LaTeX
 (c:/Users/susan/AppData/Roaming/TinyTeX/texmf-dist/tex/latex/kvsetkeys/kvsetkeys.sty
Package: kvsetkeys 2022-10-05 v1.19 Key value parser (HO)
) (c:/Users/susan/AppData/Roaming/TinyTeX/texmf-dist/tex/generic/kvdefinekeys/kvdefinekeys.sty
Package: kvdefinekeys 2019-12-19 v1.6 Define keys (HO)
) (c:/Users/susan/AppData/Roaming/TinyTeX/texmf-dist/tex/generic/pdfescape/pdfescape.sty
Package: pdfescape 2019/12/09 v1.15 Implements pdfTeX's escape features (HO)
 (c:/Users/susan/AppData/Roaming/TinyTeX/texmf-dist/tex/generic/ltxcmds/ltxcmds.sty
Package: ltxcmds 2023-12-04 v1.26 LaTeX kernel commands for general use (HO)
) (c:/Users/susan/AppData/Roaming/TinyTeX/texmf-dist/tex/generic/pdftexcmds/pdftexcmds.sty
Package: pdftexcmds 2020-06-27 v0.33 Utility functions of pdfTeX for LuaTeX (HO)
 (c:/Users/susan/AppData/Roaming/TinyTeX/texmf-dist/tex/generic/infwarerr/infwarerr.sty
Package: infwarerr 2019/12/03 v1.5 Providing info/warning/error messages (HO)
)
Package pdftexcmds Info: \pdf@primitive is available.
Package pdftexcmds Info: \pdf@ifprimitive is available.
Package pdftexcmds Info: \pdfdraftmode not found.
)) (c:/Users/susan/AppData/Roaming/TinyTeX/texmf-dist/tex/latex/hycolor/hycolor.sty
Package: hycolor 2020-01-27 v1.10 Color options for hyperref/bookmark (HO)
) (c:/Users/susan/AppData/Roaming/TinyTeX/texmf-dist/tex/latex/auxhook/auxhook.sty
Package: auxhook 2019-12-17 v1.6 Hooks for auxiliary files (HO)
) (c:/Users/susan/AppData/Roaming/TinyTeX/texmf-dist/tex/latex/hyperref/nameref.sty
Package: nameref 2023-11-26 v2.56 Cross-referencing by name of section
 (c:/Users/susan/AppData/Roaming/TinyTeX/texmf-dist/tex/latex/refcount/refcount.sty
Package: refcount 2019/12/15 v3.6 Data extraction from label references (HO)
) (c:/Users/susan/AppData/Roaming/TinyTeX/texmf-dist/tex/generic/gettitlestring/gettitlestring.sty
Package: gettitlestring 2019/12/15 v1.6 Cleanup title references (HO)
 (c:/Users/susan/AppData/Roaming/TinyTeX/texmf-dist/tex/latex/kvoptions/kvoptions.sty
Package: kvoptions 2022-06-15 v3.15 Key value format for package options (HO)
))
\c@section@level=\count312
)
\@linkdim=\dimen193
\Hy@linkcounter=\count313
\Hy@pagecounter=\count314
 (c:/Users/susan/AppData/Roaming/TinyTeX/texmf-dist/tex/latex/hyperref/pd1enc.def
File: pd1enc.def 2024-01-20 v7.01h Hyperref: PDFDocEncoding definition (HO)
) (c:/Users/susan/AppData/Roaming/TinyTeX/texmf-dist/tex/generic/intcalc/intcalc.sty
Package: intcalc 2019/12/15 v1.3 Expandable calculations with integers (HO)
)
\Hy@SavedSpaceFactor=\count315
 (c:/Users/susan/AppData/Roaming/TinyTeX/texmf-dist/tex/latex/hyperref/puenc.def
File: puenc.def 2024-01-20 v7.01h Hyperref: PDF Unicode definition (HO)
)
Package hyperref Info: Option `unicode' set `true' on input line 4062.
Package hyperref Info: Hyper figures OFF on input line 4179.
Package hyperref Info: Link nesting OFF on input line 4184.
Package hyperref Info: Hyper index ON on input line 4187.
Package hyperref Info: Plain pages OFF on input line 4194.
Package hyperref Info: Backreferencing OFF on input line 4199.
Package hyperref Info: Implicit mode ON; LaTeX internals redefined.
Package hyperref Info: Bookmarks ON on input line 4446.
\c@Hy@tempcnt=\count316
 (c:/Users/susan/AppData/Roaming/TinyTeX/texmf-dist/tex/latex/url/url.sty
\Urlmuskip=\muskip18
Package: url 2013/09/16  ver 3.4  Verb mode for urls, etc.
)
LaTeX Info: Redefining \url on input line 4784.
\XeTeXLinkMargin=\dimen194
 (c:/Users/susan/AppData/Roaming/TinyTeX/texmf-dist/tex/generic/bitset/bitset.sty
Package: bitset 2019/12/09 v1.3 Handle bit-vector datatype (HO)
 (c:/Users/susan/AppData/Roaming/TinyTeX/texmf-dist/tex/generic/bigintcalc/bigintcalc.sty
Package: bigintcalc 2019/12/15 v1.5 Expandable calculations on big integers (HO)
))
\Fld@menulength=\count317
\Field@Width=\dimen195
\Fld@charsize=\dimen196
Package hyperref Info: Hyper figures OFF on input line 6063.
Package hyperref Info: Link nesting OFF on input line 6068.
Package hyperref Info: Hyper index ON on input line 6071.
Package hyperref Info: backreferencing OFF on input line 6078.
Package hyperref Info: Link coloring OFF on input line 6083.
Package hyperref Info: Link coloring with OCG OFF on input line 6088.
Package hyperref Info: PDF/A mode OFF on input line 6093.
 (c:/Users/susan/AppData/Roaming/TinyTeX/texmf-dist/tex/latex/base/atbegshi-ltx.sty
Package: atbegshi-ltx 2021/01/10 v1.0c Emulation of the original atbegshi
package with kernel methods
)
\Hy@abspage=\count318
\c@Item=\count319
\c@Hfootnote=\count320
)
Package hyperref Info: Driver (autodetected): hxetex.
 (c:/Users/susan/AppData/Roaming/TinyTeX/texmf-dist/tex/latex/hyperref/hxetex.def
File: hxetex.def 2024-01-20 v7.01h Hyperref driver for XeTeX
 (c:/Users/susan/AppData/Roaming/TinyTeX/texmf-dist/tex/generic/stringenc/stringenc.sty
Package: stringenc 2019/11/29 v1.12 Convert strings between diff. encodings (HO)
)
\pdfm@box=\box70
\c@Hy@AnnotLevel=\count321
\HyField@AnnotCount=\count322
\Fld@listcount=\count323
\c@bookmark@seq@number=\count324
 (c:/Users/susan/AppData/Roaming/TinyTeX/texmf-dist/tex/latex/rerunfilecheck/rerunfilecheck.sty
Package: rerunfilecheck 2022-07-10 v1.10 Rerun checks for auxiliary files (HO)
 (c:/Users/susan/AppData/Roaming/TinyTeX/texmf-dist/tex/latex/base/atveryend-ltx.sty
Package: atveryend-ltx 2020/08/19 v1.0a Emulation of the original atveryend package
with kernel methods
) (c:/Users/susan/AppData/Roaming/TinyTeX/texmf-dist/tex/generic/uniquecounter/uniquecounter.sty
Package: uniquecounter 2019/12/15 v1.4 Provide unlimited unique counter (HO)
)
Package uniquecounter Info: New unique counter `rerunfilecheck' on input line 285.
)
\Hy@SectionHShift=\skip79
) (c:/Users/susan/AppData/Roaming/TinyTeX/texmf-dist/tex/latex/bookmark/bkm-dvipdfm.def
File: bkm-dvipdfm.def 2023-12-10 v1.31 bookmark driver for dvipdfm (HO)
\BKM@id=\count325
)) (c:/Users/susan/AppData/Roaming/TinyTeX/texmf-dist/tex/latex/caption/caption.sty
Package: caption 2023/08/05 v3.6o Customizing captions (AR)
 (c:/Users/susan/AppData/Roaming/TinyTeX/texmf-dist/tex/latex/caption/caption3.sty
Package: caption3 2023/07/31 v2.4d caption3 kernel (AR)
\caption@tempdima=\dimen197
\captionmargin=\dimen198
\caption@leftmargin=\dimen199
\caption@rightmargin=\dimen256
\caption@width=\dimen257
\caption@indent=\dimen258
\caption@parindent=\dimen259
\caption@hangindent=\dimen260
Package caption Info: KOMA-Script document class detected.
 (c:/Users/susan/AppData/Roaming/TinyTeX/texmf-dist/tex/latex/caption/caption-koma.sto
File: caption-koma.sto 2023/09/08 v2.0e Adaption of the caption package to the KOMA-Script document classes (AR)
))
\c@caption@flags=\count326
\c@continuedfloat=\count327
Package caption Info: hyperref package is loaded.
Package caption Info: longtable package is loaded.
 (c:/Users/susan/AppData/Roaming/TinyTeX/texmf-dist/tex/latex/caption/ltcaption.sty
Package: ltcaption 2021/01/08 v1.4c longtable captions (AR)
)
Package caption Info: KOMA-Script scrextend package detected.
\caption@addmargin@hsize=\dimen261
\caption@addmargin@linewidth=\dimen262
) (c:/Users/susan/AppData/Roaming/TinyTeX/texmf-dist/tex/latex/float/float.sty
Package: float 2001/11/08 v1.3d Float enhancements (AL)
\c@float@type=\count328
\float@exts=\toks33
\float@box=\box71
\@float@everytoks=\toks34
\@floatcapt=\box72
)
\@float@every@codelisting=\toks35
\c@codelisting=\count329
 (c:/Users/susan/AppData/Roaming/TinyTeX/texmf-dist/tex/latex/pdflscape/pdflscape.sty
Package: pdflscape 2022-10-27 v0.13 Display of landscape pages in PDF
 (c:/Users/susan/AppData/Roaming/TinyTeX/texmf-dist/tex/latex/pdflscape/pdflscape-nometadata.sty
Package: pdflscape-nometadata 2022-10-28 v0.13 Display of landscape pages in PDF (HO)
 (c:/Users/susan/AppData/Roaming/TinyTeX/texmf-dist/tex/latex/graphics/lscape.sty
Package: lscape 2020/05/28 v3.02 Landscape Pages (DPC)
)
Package pdflscape Info: Auto-detected driver: dvipdfm (xetex) on input line 98.
)) (c:/Users/susan/AppData/Roaming/TinyTeX/texmf-dist/tex/latex/caption/subcaption.sty
Package: subcaption 2023/07/28 v1.6b Sub-captions (AR)
Package caption Info: New subtype `subfigure' on input line 238.
\c@subfigure=\count330
Package caption Info: New subtype `subtable' on input line 238.
\c@subtable=\count331
)
Package hyperref Info: Option `colorlinks' set `true' on input line 202.
 (c:/Users/susan/AppData/Roaming/TinyTeX/texmf-dist/tex/generic/ulem/ulem.sty
\UL@box=\box73
\UL@hyphenbox=\box74
\UL@skip=\skip80
\UL@hook=\toks36
\UL@height=\dimen263
\UL@pe=\count332
\UL@pixel=\dimen264
\ULC@box=\box75
Package: ulem 2019/11/18
\ULdepth=\dimen265
) (c:/Users/susan/AppData/Roaming/TinyTeX/texmf-dist/tex/latex/oberdiek/settobox.sty
Package: settobox 2016/05/16 v1.5 Assign box dimensions to length registers (HO)
) (c:/Users/susan/AppData/Roaming/TinyTeX/texmf-dist/tex/latex/letltxmacro/letltxmacro.sty
Package: letltxmacro 2019/12/03 v1.6 Let assignment for LaTeX macros (HO)
)
\DIFdelgraphicsbox=\box76
\DIFdelgraphicswidth=\skip81
\DIFdelgraphicsheight=\skip82
LaTeX Info: Redefining \DIFaddbegin on input line 258.
LaTeX Info: Redefining \DIFaddend on input line 259.
LaTeX Info: Redefining \DIFdelbegin on input line 260.
LaTeX Info: Redefining \DIFdelend on input line 261.
LaTeX Info: Redefining \DIFaddbeginFL on input line 266.
LaTeX Info: Redefining \DIFaddendFL on input line 267.
LaTeX Info: Redefining \DIFdelbeginFL on input line 268.
LaTeX Info: Redefining \DIFdelendFL on input line 269.

No file diff.aux.
\openout1 = `diff.aux'.

LaTeX Font Info:    Checking defaults for OML/cmm/m/it on input line 277.
LaTeX Font Info:    ... okay on input line 277.
LaTeX Font Info:    Checking defaults for OMS/cmsy/m/n on input line 277.
LaTeX Font Info:    ... okay on input line 277.
LaTeX Font Info:    Checking defaults for OT1/cmr/m/n on input line 277.
LaTeX Font Info:    ... okay on input line 277.
LaTeX Font Info:    Checking defaults for T1/cmr/m/n on input line 277.
LaTeX Font Info:    ... okay on input line 277.
LaTeX Font Info:    Checking defaults for TS1/cmr/m/n on input line 277.
LaTeX Font Info:    ... okay on input line 277.
LaTeX Font Info:    Checking defaults for TU/lmr/m/n on input line 277.
LaTeX Font Info:    ... okay on input line 277.
LaTeX Font Info:    Checking defaults for OMX/cmex/m/n on input line 277.
LaTeX Font Info:    ... okay on input line 277.
LaTeX Font Info:    Checking defaults for U/cmr/m/n on input line 277.
LaTeX Font Info:    ... okay on input line 277.
LaTeX Font Info:    Checking defaults for PD1/pdf/m/n on input line 277.
LaTeX Font Info:    ... okay on input line 277.
LaTeX Font Info:    Checking defaults for PU/pdf/m/n on input line 277.
LaTeX Font Info:    ... okay on input line 277.
Package scrbase Info: activating english \abstractname on input line 277.
Package scrbase Info: activating english \partname on input line 277.
Package scrbase Info: activating english \chaptername on input line 277.
Package scrbase Info: activating english \appendixname on input line 277.
Package scrbase Info: activating english \figurename on input line 277.
Package scrbase Info: activating english \tablename on input line 277.
Package scrbase Info: activating english \contentsname on input line 277.
Package scrbase Info: activating english \listfigurename on input line 277.
Package scrbase Info: activating english \listtablename on input line 277.
Package scrbase Info: activating english \bibname on input line 277.
Package scrbase Info: activating english \indexname on input line 277.
LaTeX Font Info:    Overwriting math alphabet `\mathrm' in version `normal'
(Font)                  OT1/lmr/m/n --> TU/lmr/m/n on input line 277.
LaTeX Font Info:    Overwriting math alphabet `\mathit' in version `normal'
(Font)                  OT1/lmr/m/it --> TU/lmr/m/it on input line 277.
LaTeX Font Info:    Overwriting math alphabet `\mathbf' in version `normal'
(Font)                  OT1/lmr/bx/n --> TU/lmr/bx/n on input line 277.
LaTeX Font Info:    Overwriting math alphabet `\mathsf' in version `normal'
(Font)                  OT1/lmss/m/n --> TU/lmss/m/n on input line 277.
LaTeX Font Info:    Overwriting math alphabet `\mathsf' in version `bold'
(Font)                  OT1/lmss/bx/n --> TU/lmss/bx/n on input line 277.
LaTeX Font Info:    Overwriting math alphabet `\mathtt' in version `normal'
(Font)                  OT1/lmtt/m/n --> TU/lmtt/m/n on input line 277.
LaTeX Font Info:    Overwriting math alphabet `\mathtt' in version `bold'
(Font)                  OT1/lmtt/m/n --> TU/lmtt/bx/n on input line 277.

Package fontspec Info: latinmodern-math scale = 0.9999967668407183.


Package fontspec Info: latinmodern-math scale = 0.9999967668407183.


Package fontspec Info: latinmodern-math scale = 0.9999967668407183.


Package fontspec Info: Font family 'latinmodern-math.otf(0)' created for font
(fontspec)             'latinmodern-math.otf' with options
(fontspec)             [Scale=MatchLowercase,BoldItalicFont={},ItalicFont={},SmallCapsFont={},Script=Math,BoldFont={latinmodern-math.otf}].
(fontspec)              
(fontspec)              This font family consists of the following NFSS
(fontspec)             series/shapes:
(fontspec)              
(fontspec)             - 'normal' (m/n) with NFSS spec.:
(fontspec)             <->s*[0.9999967668407183]"[latinmodern-math.otf]/OT:script=math;language=dflt;"
(fontspec)             - 'small caps'  (m/sc) with NFSS spec.: 
(fontspec)             - 'bold' (b/n) with NFSS spec.:
(fontspec)             <->s*[0.9999967668407183]"[latinmodern-math.otf]/OT:script=math;language=dflt;"
(fontspec)             - 'bold small caps'  (b/sc) with NFSS spec.: 

LaTeX Font Info:    Font shape `TU/latinmodern-math.otf(0)/m/n' will be
(Font)              scaled to size 10.95pt on input line 277.

Package fontspec Info: latinmodern-math scale = 0.9999967668407183.


Package fontspec Info: latinmodern-math scale = 0.9999967668407183.


Package fontspec Info: latinmodern-math scale = 0.9999967668407183.


Package fontspec Info: latinmodern-math scale = 0.9999967668407183.


Package fontspec Info: latinmodern-math scale = 0.9999967668407183.


Package fontspec Info: Font family 'latinmodern-math.otf(1)' created for font
(fontspec)             'latinmodern-math.otf' with options
(fontspec)             [Scale=MatchLowercase,BoldItalicFont={},ItalicFont={},SmallCapsFont={},Script=Math,SizeFeatures={{Size=9.3075-},{Size=6.57-9.3075,Font=latinmodern-math.otf,Style=MathScript},{Size=-6.57,Font=latinmodern-math.otf,Style=MathScriptScript}},BoldFont={latinmodern-math.otf}].
(fontspec)              
(fontspec)              This font family consists of the following NFSS
(fontspec)             series/shapes:
(fontspec)              
(fontspec)             - 'normal' (m/n) with NFSS spec.:
(fontspec)             <9.3075->s*[0.9999967668407183]"[latinmodern-math.otf]/OT:script=math;language=dflt;"<6.57-9.3075>s*[0.9999967668407183]"[latinmodern-math.otf]/OT:script=math;language=dflt;+ssty=0;"<-6.57>s*[0.9999967668407183]"[latinmodern-math.otf]/OT:script=math;language=dflt;+ssty=1;"
(fontspec)             - 'small caps'  (m/sc) with NFSS spec.: 
(fontspec)             - 'bold' (b/n) with NFSS spec.:
(fontspec)             <->s*[0.9999967668407183]"[latinmodern-math.otf]/OT:script=math;language=dflt;"
(fontspec)             - 'bold small caps'  (b/sc) with NFSS spec.: 

LaTeX Font Info:    Font shape `TU/latinmodern-math.otf(1)/m/n' will be
(Font)              scaled to size 10.95pt on input line 277.
LaTeX Font Info:    Encoding `OT1' has changed to `TU' for symbol font
(Font)              `operators' in the math version `normal' on input line 277.
LaTeX Font Info:    Overwriting symbol font `operators' in version `normal'
(Font)                  OT1/lmr/m/n --> TU/latinmodern-math.otf(1)/m/n on input line 277.
LaTeX Font Info:    Encoding `OT1' has changed to `TU' for symbol font
(Font)              `operators' in the math version `bold' on input line 277.
LaTeX Font Info:    Overwriting symbol font `operators' in version `bold'
(Font)                  OT1/lmr/bx/n --> TU/latinmodern-math.otf(1)/b/n on input line 277.

Package fontspec Info: latinmodern-math scale = 0.9999967668407183.


Package fontspec Info: latinmodern-math scale = 1.000096766517402.


Package fontspec Info: latinmodern-math scale = 0.9999967668407183.


Package fontspec Info: latinmodern-math scale = 1.000096766517402.


Package fontspec Info: latinmodern-math scale = 0.9999967668407183.


Package fontspec Info: latinmodern-math scale = 1.000096766517402.


Package fontspec Info: latinmodern-math scale = 0.9999967668407183.


Package fontspec Info: latinmodern-math scale = 1.000096766517402.


Package fontspec Info: latinmodern-math scale = 0.9999967668407183.


Package fontspec Info: latinmodern-math scale = 1.000096766517402.


Package fontspec Info: Font family 'latinmodern-math.otf(2)' created for font
(fontspec)             'latinmodern-math.otf' with options
(fontspec)             [Scale=MatchLowercase,BoldItalicFont={},ItalicFont={},SmallCapsFont={},Script=Math,SizeFeatures={{Size=9.3075-},{Size=6.57-9.3075,Font=latinmodern-math.otf,Style=MathScript},{Size=-6.57,Font=latinmodern-math.otf,Style=MathScriptScript}},BoldFont={latinmodern-math.otf},ScaleAgain=1.0001,FontAdjustment={\fontdimen
(fontspec)             8\font =7.41315pt\relax \fontdimen 9\font
(fontspec)             =4.3143pt\relax \fontdimen 10\font =4.8618pt\relax
(fontspec)             \fontdimen 11\font =7.5117pt\relax \fontdimen 12\font
(fontspec)             =3.77776pt\relax \fontdimen 13\font =3.97485pt\relax
(fontspec)             \fontdimen 14\font =3.97485pt\relax \fontdimen 15\font
(fontspec)             =3.16455pt\relax \fontdimen 16\font =2.70465pt\relax
(fontspec)             \fontdimen 17\font =2.70465pt\relax \fontdimen 18\font
(fontspec)             =2.7375pt\relax \fontdimen 19\font =2.19pt\relax
(fontspec)             \fontdimen 22\font =2.7375pt\relax \fontdimen 20\font
(fontspec)             =0pt\relax \fontdimen 21\font =0pt\relax }].
(fontspec)              
(fontspec)              This font family consists of the following NFSS
(fontspec)             series/shapes:
(fontspec)              
(fontspec)             - 'normal' (m/n) with NFSS spec.:
(fontspec)             <9.3075->s*[1.000096766517402]"[latinmodern-math.otf]/OT:script=math;language=dflt;"<6.57-9.3075>s*[1.000096766517402]"[latinmodern-math.otf]/OT:script=math;language=dflt;+ssty=0;"<-6.57>s*[1.000096766517402]"[latinmodern-math.otf]/OT:script=math;language=dflt;+ssty=1;"
(fontspec)             - 'small caps'  (m/sc) with NFSS spec.: 
(fontspec)             and font adjustment code:
(fontspec)             \fontdimen 8\font =7.41315pt\relax \fontdimen 9\font
(fontspec)             =4.3143pt\relax \fontdimen 10\font =4.8618pt\relax
(fontspec)             \fontdimen 11\font =7.5117pt\relax \fontdimen 12\font
(fontspec)             =3.77776pt\relax \fontdimen 13\font =3.97485pt\relax
(fontspec)             \fontdimen 14\font =3.97485pt\relax \fontdimen 15\font
(fontspec)             =3.16455pt\relax \fontdimen 16\font =2.70465pt\relax
(fontspec)             \fontdimen 17\font =2.70465pt\relax \fontdimen 18\font
(fontspec)             =2.7375pt\relax \fontdimen 19\font =2.19pt\relax
(fontspec)             \fontdimen 22\font =2.7375pt\relax \fontdimen 20\font
(fontspec)             =0pt\relax \fontdimen 21\font =0pt\relax 
(fontspec)             - 'bold' (b/n) with NFSS spec.:
(fontspec)             <->s*[1.000096766517402]"[latinmodern-math.otf]/OT:script=math;language=dflt;"
(fontspec)             - 'bold small caps'  (b/sc) with NFSS spec.: 
(fontspec)             and font adjustment code:
(fontspec)             \fontdimen 8\font =7.41315pt\relax \fontdimen 9\font
(fontspec)             =4.3143pt\relax \fontdimen 10\font =4.8618pt\relax
(fontspec)             \fontdimen 11\font =7.5117pt\relax \fontdimen 12\font
(fontspec)             =3.77776pt\relax \fontdimen 13\font =3.97485pt\relax
(fontspec)             \fontdimen 14\font =3.97485pt\relax \fontdimen 15\font
(fontspec)             =3.16455pt\relax \fontdimen 16\font =2.70465pt\relax
(fontspec)             \fontdimen 17\font =2.70465pt\relax \fontdimen 18\font
(fontspec)             =2.7375pt\relax \fontdimen 19\font =2.19pt\relax
(fontspec)             \fontdimen 22\font =2.7375pt\relax \fontdimen 20\font
(fontspec)             =0pt\relax \fontdimen 21\font =0pt\relax 

LaTeX Font Info:    Encoding `OMS' has changed to `TU' for symbol font
(Font)              `symbols' in the math version `normal' on input line 277.
LaTeX Font Info:    Overwriting symbol font `symbols' in version `normal'
(Font)                  OMS/lmsy/m/n --> TU/latinmodern-math.otf(2)/m/n on input line 277.
LaTeX Font Info:    Encoding `OMS' has changed to `TU' for symbol font
(Font)              `symbols' in the math version `bold' on input line 277.
LaTeX Font Info:    Overwriting symbol font `symbols' in version `bold'
(Font)                  OMS/lmsy/b/n --> TU/latinmodern-math.otf(2)/b/n on input line 277.

Package fontspec Info: latinmodern-math scale = 0.9999967668407183.


Package fontspec Info: latinmodern-math scale = 0.9998967671640342.


Package fontspec Info: latinmodern-math scale = 0.9999967668407183.


Package fontspec Info: latinmodern-math scale = 0.9998967671640342.


Package fontspec Info: latinmodern-math scale = 0.9999967668407183.


Package fontspec Info: latinmodern-math scale = 0.9998967671640342.


Package fontspec Info: latinmodern-math scale = 0.9999967668407183.


Package fontspec Info: latinmodern-math scale = 0.9998967671640342.


Package fontspec Info: latinmodern-math scale = 0.9999967668407183.


Package fontspec Info: latinmodern-math scale = 0.9998967671640342.


Package fontspec Info: Font family 'latinmodern-math.otf(3)' created for font
(fontspec)             'latinmodern-math.otf' with options
(fontspec)             [Scale=MatchLowercase,BoldItalicFont={},ItalicFont={},SmallCapsFont={},Script=Math,SizeFeatures={{Size=9.3075-},{Size=6.57-9.3075,Font=latinmodern-math.otf,Style=MathScript},{Size=-6.57,Font=latinmodern-math.otf,Style=MathScriptScript}},BoldFont={latinmodern-math.otf},ScaleAgain=0.9999,FontAdjustment={\fontdimen
(fontspec)             8\font =0.438pt\relax \fontdimen 9\font =2.19pt\relax
(fontspec)             \fontdimen 10\font =1.82864pt\relax \fontdimen 11\font
(fontspec)             =1.21545pt\relax \fontdimen 12\font =6.56999pt\relax
(fontspec)             \fontdimen 13\font =0pt\relax }].
(fontspec)              
(fontspec)              This font family consists of the following NFSS
(fontspec)             series/shapes:
(fontspec)              
(fontspec)             - 'normal' (m/n) with NFSS spec.:
(fontspec)             <9.3075->s*[0.9998967671640342]"[latinmodern-math.otf]/OT:script=math;language=dflt;"<6.57-9.3075>s*[0.9998967671640342]"[latinmodern-math.otf]/OT:script=math;language=dflt;+ssty=0;"<-6.57>s*[0.9998967671640342]"[latinmodern-math.otf]/OT:script=math;language=dflt;+ssty=1;"
(fontspec)             - 'small caps'  (m/sc) with NFSS spec.: 
(fontspec)             and font adjustment code:
(fontspec)             \fontdimen 8\font =0.438pt\relax \fontdimen 9\font
(fontspec)             =2.19pt\relax \fontdimen 10\font =1.82864pt\relax
(fontspec)             \fontdimen 11\font =1.21545pt\relax \fontdimen 12\font
(fontspec)             =6.56999pt\relax \fontdimen 13\font =0pt\relax 
(fontspec)             - 'bold' (b/n) with NFSS spec.:
(fontspec)             <->s*[0.9998967671640342]"[latinmodern-math.otf]/OT:script=math;language=dflt;"
(fontspec)             - 'bold small caps'  (b/sc) with NFSS spec.: 
(fontspec)             and font adjustment code:
(fontspec)             \fontdimen 8\font =0.438pt\relax \fontdimen 9\font
(fontspec)             =2.19pt\relax \fontdimen 10\font =1.82864pt\relax
(fontspec)             \fontdimen 11\font =1.21545pt\relax \fontdimen 12\font
(fontspec)             =6.56999pt\relax \fontdimen 13\font =0pt\relax 

LaTeX Font Info:    Encoding `OMX' has changed to `TU' for symbol font
(Font)              `largesymbols' in the math version `normal' on input line 277.
LaTeX Font Info:    Overwriting symbol font `largesymbols' in version `normal'
(Font)                  OMX/lmex/m/n --> TU/latinmodern-math.otf(3)/m/n on input line 277.
LaTeX Font Info:    Encoding `OMX' has changed to `TU' for symbol font
(Font)              `largesymbols' in the math version `bold' on input line 277.
LaTeX Font Info:    Overwriting symbol font `largesymbols' in version `bold'
(Font)                  OMX/lmex/m/n --> TU/latinmodern-math.otf(3)/b/n on input line 277.
LaTeX Info: Redefining \microtypecontext on input line 277.
Package microtype Info: Applying patch `item' on input line 277.
Package microtype Info: Applying patch `toc' on input line 277.
Package microtype Info: Applying patch `eqnum' on input line 277.
Package microtype Info: Applying patch `footnote' on input line 277.
Package microtype Info: Applying patch `verbatim' on input line 277.
Package microtype Info: Character protrusion enabled (level 2).
Package microtype Info: Using protrusion set `basicmath'.
Package microtype Info: No adjustment of tracking.
Package microtype Info: No adjustment of spacing.
Package microtype Info: No adjustment of kerning.
(c:/Users/susan/AppData/Roaming/TinyTeX/texmf-dist/tex/latex/microtype/mt-LatinModernRoman.cfg
File: mt-LatinModernRoman.cfg 2021/02/21 v1.1 microtype config. file: Latin Modern Roman (RS)
)
*geometry* driver: auto-detecting
*geometry* detected driver: xetex
*geometry* verbose mode - [ preamble ] result:
* driver: xetex
* paper: a4paper
* layout: <same size as paper>
* layoutoffset:(h,v)=(0.0pt,0.0pt)
* modes: 
* h-part:(L,W,R)=(65.44142pt, 466.62503pt, 65.44142pt)
* v-part:(T,H,B)=(65.44142pt, 714.164pt, 65.44142pt)
* \paperwidth=597.50787pt
* \paperheight=845.04684pt
* \textwidth=466.62503pt
* \textheight=714.164pt
* \oddsidemargin=-6.82857pt
* \evensidemargin=-6.82857pt
* \topmargin=-44.22858pt
* \headheight=17.0pt
* \headsep=20.40001pt
* \topskip=11.0pt
* \footskip=47.6pt
* \marginparwidth=87.75642pt
* \marginparsep=12.8401pt
* \columnsep=10.0pt
* \skip\footins=10.0pt plus 4.0pt minus 2.0pt
* \hoffset=0.0pt
* \voffset=0.0pt
* \mag=1000
* \@twocolumnfalse
* \@twosidefalse
* \@mparswitchfalse
* \@reversemarginfalse
* (1in=72.27pt=25.4mm, 1cm=28.453pt)

Package hyperref Info: Link coloring ON on input line 277.

Package hyperref Warning: Rerun to get /PageLabels entry.

Package caption Info: Begin \AtBeginDocument code.
Package caption Info: float package is loaded.
Package caption Info: End \AtBeginDocument code.
[1



]
Package microtype Info: Loading generic protrusion settings for font family
(microtype)             `lmss' (encoding: TU).
(microtype)             For optimal results, create family-specific settings.
(microtype)             See the microtype manual for details.
 [2

] [3

] [4

] [5] [6

]
Package tocbasic Info: character protrusion at toc deactivated on input line 590.

No file diff.toc.
\tf@toc=\write4
\openout4 = `diff.toc'.

[7


]
Package tocbasic Info: character protrusion at lof deactivated on input line 591.

No file diff.lof.
\tf@lof=\write5
\openout5 = `diff.lof'.

[8

] (c:/Users/susan/AppData/Roaming/TinyTeX/texmf-dist/tex/latex/lm/omllmm.fd) (c:/Users/susan/AppData/Roaming/TinyTeX/texmf-dist/tex/latex/amsfonts/umsa.fd) (c:/Users/susan/AppData/Roaming/TinyTeX/texmf-dist/tex/latex/microtype/mt-msa.cfg) (c:/Users/susan/AppData/Roaming/TinyTeX/texmf-dist/tex/latex/amsfonts/umsb.fd) (c:/Users/susan/AppData/Roaming/TinyTeX/texmf-dist/tex/latex/microtype/mt-msb.cfg)
Overfull \hbox (10.95pt too wide) in paragraph at lines 642--643
[][] 
 []

[9

] [10

]

LaTeX Warning: Citation `ref-lynch2004LongTerm' on page 11 undefined on input line 674.


LaTeX Warning: Citation `ref-park2024Fear' on page 11 undefined on input line 674.


LaTeX Warning: Citation `ref-ghosh2015Calciuma' on page 11 undefined on input line 677.


LaTeX Warning: Citation `ref-yang2023NMDA' on page 11 undefined on input line 677.

[11

] [12] [13]
chapter 1.

Class scrreprt Warning: \float@addtolists detected!
(scrreprt)              Implementation of \float@addtolist became
(scrreprt)              deprecated in KOMA-Script v3.01 2008/11/14 and
(scrreprt)              has been replaced by several more flexible
(scrreprt)              features of package `tocbasic`.
(scrreprt)              Since Version 3.12 support for deprecated
(scrreprt)              \float@addtolist interface has been
(scrreprt)              restricted to only some of the KOMA-Script
(scrreprt)              features and been removed from others.
(scrreprt)              Loading of package `scrhack' may help to
(scrreprt)              avoid this warning, if you are using a
(scrreprt)              a package that still implements the
(scrreprt)              deprecated \float@addtolist interface.


LaTeX Warning: Citation `ref-sanhueza2013CaMKII' on page 14 undefined on input line 848.


LaTeX Warning: Citation `ref-bayer2024Revised' on page 14 undefined on input line 848.


LaTeX Warning: Citation `ref-ghosh2015Calciuma' on page 14 undefined on input line 852.


LaTeX Warning: Citation `ref-yang2023NMDA' on page 14 undefined on input line 852.


LaTeX Warning: Citation `ref-fink2002Moleculara' on page 14 undefined on input line 856.


LaTeX Warning: Citation `ref-yasuda2017Biophysics' on page 14 undefined on input line 856.


LaTeX Warning: Citation `ref-shapiro1999Hippocampus' on page 14 undefined on input line 873.


LaTeX Warning: Citation `ref-abraham2019Plasticity' on page 14 undefined on input line 873.


LaTeX Warning: Citation `ref-ramonycajal1909HistologieSystemeNerveux' on page 14 undefined on input line 876.


LaTeX Warning: Citation `ref-hebb1949OrganizationBehaviorNeuropsychological' on page 14 undefined on input line 881.


LaTeX Warning: Citation `ref-hebb1949OrganizationBehaviorNeuropsychological' on page 14 undefined on input line 883.


LaTeX Warning: Citation `ref-lomo1971PatternsActivationMonosynaptic' on page 14 undefined on input line 888.


LaTeX Warning: Reference `fig-ltp-persistence' on page 14 undefined on input line 889.


LaTeX Warning: Citation `ref-bliss1973Longlasting' on page 14 undefined on input line 894.

File: 20-biology_figures/ltp_persistence.PNG Graphic file (type bmp)
<20-biology_figures/ltp_persistence.PNG>

LaTeX Warning: Citation `ref-bliss1973Longlastinga' on page 14 undefined on input line 927.


LaTeX Warning: Citation `ref-curtis2024Building' on page 14 undefined on input line 927.


LaTeX Warning: Citation `ref-bliss1973Longlastinga' on page 14 undefined on input line 927.


LaTeX Warning: Citation `ref-curtis2024Building' on page 14 undefined on input line 927.


LaTeX Warning: Citation `ref-morris1986Selective' on page 14 undefined on input line 933.


LaTeX Warning: Citation `ref-lynch2004LongTerm' on page 14 undefined on input line 954.


LaTeX Warning: Citation `ref-park2024Fear' on page 14 undefined on input line 954.

[14

] [15]

LaTeX Warning: Citation `ref-bliss1993Synaptic' on page 16 undefined on input line 961.


LaTeX Warning: Citation `ref-morris2006Elements' on page 16 undefined on input line 962.


LaTeX Warning: Citation `ref-foy1987Behavioral' on page 16 undefined on input line 967.


LaTeX Warning: Citation `ref-park2018Role' on page 16 undefined on input line 967.


LaTeX Warning: Citation `ref-moscovitch2016Episodic' on page 16 undefined on input line 971.


LaTeX Warning: Citation `ref-postle2016Chapter' on page 16 undefined on input line 972.


LaTeX Warning: Citation `ref-bliss1993Synaptic' on page 16 undefined on input line 977.


LaTeX Warning: Citation `ref-lisman1999Relating' on page 16 undefined on input line 978.


LaTeX Warning: Citation `ref-rebola2017Operation' on page 16 undefined on input line 978.


LaTeX Warning: Reference `fig-ltp-persistence' on page 16 undefined on input line 982.


LaTeX Warning: Citation `ref-malenka2004LTPLTDEmbarrassment' on page 16 undefined on input line 983.


LaTeX Warning: Citation `ref-abraham2024Longterm' on page 16 undefined on input line 984.


LaTeX Warning: Citation `ref-luscher2012NMDA' on page 16 undefined on input line 989.


LaTeX Warning: Citation `ref-nabavi2014Engineering' on page 16 undefined on input line 990.


LaTeX Warning: Citation `ref-burgess2002Human' on page 16 undefined on input line 1003.


LaTeX Warning: Citation `ref-abraham2019Plasticity' on page 16 undefined on input line 1007.


LaTeX Warning: Citation `ref-dringenberg2020History' on page 16 undefined on input line 1021.


LaTeX Warning: Citation `ref-najenson2024LTP' on page 16 undefined on input line 1022.


LaTeX Warning: Reference `sec-learning-memory-plasticity' on page 16 undefined on input line 1027.

[16]

LaTeX Warning: Citation `ref-stevens1994Role' on page 17 undefined on input line 1036.


LaTeX Warning: Citation `ref-incontro2018CaMKII' on page 17 undefined on input line 1037.


LaTeX Warning: Citation `ref-bannerman1995Distinct' on page 17 undefined on input line 1054.


LaTeX Warning: Citation `ref-saucier1995Spatial' on page 17 undefined on input line 1055.


LaTeX Warning: Citation `ref-moser2000Pretraining' on page 17 undefined on input line 1058.


LaTeX Warning: Citation `ref-luscher2012NMDAc' on page 17 undefined on input line 1067.


LaTeX Warning: Citation `ref-luis2022Understanding' on page 17 undefined on input line 1067.


LaTeX Warning: Citation `ref-chen1996Longterm' on page 17 undefined on input line 1075.


LaTeX Warning: Citation `ref-spriggs2019Human' on page 17 undefined on input line 1075.


LaTeX Warning: Citation `ref-morris1986Selective' on page 17 undefined on input line 1080.


LaTeX Warning: Citation `ref-collingridge1983Excitatory' on page 17 undefined on input line 1081.


LaTeX Warning: Citation `ref-kumar2011LongTerm' on page 17 undefined on input line 1081.


LaTeX Warning: Citation `ref-sweatt2010Chaptera' on page 17 undefined on input line 1091.


LaTeX Warning: Citation `ref-scheefhals2018Functional' on page 17 undefined on input line 1101.

Missing character: There is no ⁺ (U+207A) in font [lmroman10-regular]:mapping=tex-text;!

LaTeX Warning: Citation `ref-otmakhova2002PathwaySpecific' on page 17 undefined on input line 1106.


LaTeX Warning: Citation `ref-fuenzalida2010Role' on page 17 undefined on input line 1107.

Missing character: There is no ⁺ (U+207A) in font [lmroman10-regular]:mapping=tex-text;!

LaTeX Warning: Citation `ref-fuenzalida2010Role' on page 17 undefined on input line 1119.


LaTeX Warning: Citation `ref-martinez-gallego2022Role' on page 17 undefined on input line 1119.

[17]

LaTeX Warning: Citation `ref-reymann2007Late' on page 18 undefined on input line 1125.


LaTeX Warning: Citation `ref-abraham2008LTP' on page 18 undefined on input line 1126.


LaTeX Warning: Citation `ref-sacktor2008Chapter' on page 18 undefined on input line 1129.


LaTeX Warning: Citation `ref-purkey2020PhosphorylationDependent' on page 18 undefined on input line 1130.


LaTeX Warning: Citation `ref-sala2014Dendritic' on page 18 undefined on input line 1133.


LaTeX Warning: Citation `ref-meldolesi2022PostSynapses' on page 18 undefined on input line 1133.


LaTeX Warning: Citation `ref-mayford2007Protein' on page 18 undefined on input line 1137.


LaTeX Warning: Citation `ref-lamprecht2004Structurala' on page 18 undefined on input line 1143.


LaTeX Warning: Citation `ref-debartolomeis2004Postsynaptic' on page 18 undefined on input line 1146.


LaTeX Warning: Citation `ref-ivie2018ReproducibilityScientificComputing' on page 18 undefined on input line 1147.


LaTeX Warning: Citation `ref-kumar2011LongTerm' on page 18 undefined on input line 1155.


LaTeX Warning: Citation `ref-huang1998Synaptic' on page 18 undefined on input line 1156.


LaTeX Warning: Citation `ref-lisman2005Phases' on page 18 undefined on input line 1156.


LaTeX Warning: Citation `ref-malenka1992Temporal' on page 18 undefined on input line 1161.


LaTeX Warning: Citation `ref-bliss2018Longterm' on page 18 undefined on input line 1161.


LaTeX Warning: Citation `ref-jackson1993Stereotypical' on page 18 undefined on input line 1164.


LaTeX Warning: Citation `ref-mohns2008Synchronous' on page 18 undefined on input line 1164.


LaTeX Warning: Citation `ref-bliss2018Longterm' on page 18 undefined on input line 1169.


LaTeX Warning: Citation `ref-baltaci2019Molecular' on page 18 undefined on input line 1170.


LaTeX Warning: Citation `ref-abraham2008LTP' on page 18 undefined on input line 1182.


LaTeX Warning: Citation `ref-pfeiffer2006Current' on page 18 undefined on input line 1183.


LaTeX Warning: Citation `ref-abraham2003Properties' on page 18 undefined on input line 1186.


LaTeX Warning: Citation `ref-bliss1993Synaptic' on page 18 undefined on input line 1190.


LaTeX Warning: Citation `ref-malenka2004LTPLTDEmbarrassment' on page 18 undefined on input line 1191.


LaTeX Warning: Citation `ref-luscher2012NMDA' on page 18 undefined on input line 1192.


LaTeX Warning: Citation `ref-roberson1996Biochemists' on page 18 undefined on input line 1193.


LaTeX Warning: Citation `ref-nicoll2003Expression' on page 18 undefined on input line 1193.


LaTeX Warning: Citation `ref-volianskis2015LongtermPotentiationRole' on page 18 undefined on input line 1206.


LaTeX Warning: Reference `fig-NMDAR' on page 18 undefined on input line 1208.


LaTeX Warning: Citation `ref-ciabarra1995CloningCharacterizationChi1' on page 18 undefined on input line 1211.


LaTeX Warning: Citation `ref-kvist2013StructurebasedDiscoveryAntagonists' on page 18 undefined on input line 1212.

[18]

LaTeX Warning: Citation `ref-piggott19923HMK801' on page 19 undefined on input line 1217.


LaTeX Warning: Citation `ref-mckay2018Developmental' on page 19 undefined on input line 1217.


LaTeX Warning: Citation `ref-piggott19923HMK801' on page 19 undefined on input line 1218.


LaTeX Warning: Citation `ref-liu2004SwitchingNMDAReceptor' on page 19 undefined on input line 1224.


LaTeX Warning: Citation `ref-bar-shira2015GeneExpressionSwitching' on page 19 undefined on input line 1230.

File: 20-biology_figures/NMDAR.png Graphic file (type bmp)
<20-biology_figures/NMDAR.png>

LaTeX Warning: Citation `ref-valdivielso2020GlutamateGated' on page 19 undefined on input line 1265.


LaTeX Warning: Citation `ref-valdivielso2020GlutamateGated' on page 19 undefined on input line 1265.

[19]

LaTeX Warning: Citation `ref-traynelis2010Glutamate' on page 20 undefined on input line 1272.


LaTeX Warning: Citation `ref-hansen2018Structure' on page 20 undefined on input line 1272.


LaTeX Warning: Citation `ref-ruppersberg1994Mechanism' on page 20 undefined on input line 1276.


LaTeX Warning: Citation `ref-seeburg1995NMDA' on page 20 undefined on input line 1278.


LaTeX Warning: Reference `sec-LTP-phases' on page 20 undefined on input line 1279.


LaTeX Warning: Citation `ref-strack1998Autophosphorylationdependent' on page 20 undefined on input line 1285.


LaTeX Warning: Citation `ref-barria2005NMDA' on page 20 undefined on input line 1285.


LaTeX Warning: Citation `ref-barria2005NMDA' on page 20 undefined on input line 1287.


LaTeX Warning: Citation `ref-bayer2001Interactiona' on page 20 undefined on input line 1288.


LaTeX Warning: Reference `sec-CaMKII-NMDAR-association' on page 20 undefined on input line 1292.

[20]

LaTeX Warning: Citation `ref-hunt2012Synaptic' on page 21 undefined on input line 1298.


LaTeX Warning: Citation `ref-chater2014Role' on page 21 undefined on input line 1299.


LaTeX Warning: Citation `ref-jonas2000Time' on page 21 undefined on input line 1306.


LaTeX Warning: Citation `ref-choquet2010Fast' on page 21 undefined on input line 1306.


LaTeX Warning: Citation `ref-perouansky1993Kinetic' on page 21 undefined on input line 1312.


LaTeX Warning: Citation `ref-tovar2017Modulating' on page 21 undefined on input line 1312.


LaTeX Warning: Reference `fig-nmdar-ampar' on page 21 undefined on input line 1319.


LaTeX Warning: Citation `ref-turrigiano2000Hebb' on page 21 undefined on input line 1320.


LaTeX Warning: Citation `ref-brown2022Synaptic' on page 21 undefined on input line 1321.

File: 20-biology_figures/nmda-ampar.PNG Graphic file (type bmp)
<20-biology_figures/nmda-ampar.PNG>
[21]

LaTeX Warning: Citation `ref-gnegy2000Ca2' on page 22 undefined on input line 1360.


LaTeX Warning: Citation `ref-mohanan2022Role' on page 22 undefined on input line 1360.


LaTeX Warning: Citation `ref-hayashi2000Driving' on page 22 undefined on input line 1366.


LaTeX Warning: Citation `ref-herring2016LongTerm' on page 22 undefined on input line 1367.


LaTeX Warning: Citation `ref-bayer2024Revised' on page 22 undefined on input line 1370.


LaTeX Warning: Citation `ref-shibasaki2002Calcineurin' on page 22 undefined on input line 1376.


LaTeX Warning: Citation `ref-kim2014Calcineurin' on page 22 undefined on input line 1380.


LaTeX Warning: Citation `ref-zhou2024Calcineurin' on page 22 undefined on input line 1381.


LaTeX Warning: Citation `ref-munton2004Role' on page 22 undefined on input line 1388.


LaTeX Warning: Citation `ref-belmeguenai2005Role' on page 22 undefined on input line 1388.

[22]
File: 20-biology_figures/signalling_ltp_ltd.PNG Graphic file (type bmp)
<20-biology_figures/signalling_ltp_ltd.PNG>

Missing character: There is no ⁺ (U+207A) in font [lmroman10-regular]:mapping=tex-text;!
Missing character: There is no ⁺ (U+207A) in font [lmroman10-regular]:mapping=tex-text;!
Missing character: There is no ⁺ (U+207A) in font [lmroman10-regular]:mapping=tex-text;!
Missing character: There is no ⁺ (U+207A) in font [lmroman10-regular]:mapping=tex-text;!

LaTeX Warning: Citation `ref-gladding2011Mechanisms' on page 23 undefined on input line 1423.


LaTeX Warning: Citation `ref-brini2013Intracellular' on page 23 undefined on input line 1424.


LaTeX Warning: Citation `ref-morris1986Selective' on page 23 undefined on input line 1436.


LaTeX Warning: Citation `ref-collingridge1983Excitatory' on page 23 undefined on input line 1437.


LaTeX Warning: Citation `ref-luscher2012NMDA' on page 23 undefined on input line 1440.


LaTeX Warning: Citation `ref-hunt2012Synaptic' on page 23 undefined on input line 1441.


LaTeX Warning: Citation `ref-alkadhi2021NMDA' on page 23 undefined on input line 1442.


LaTeX Warning: Citation `ref-sanhueza2013CaMKII' on page 23 undefined on input line 1445.


LaTeX Warning: Citation `ref-lisman2012MechanismsCaMKIIAction' on page 23 undefined on input line 1446.


LaTeX Warning: Citation `ref-chen2024CaMKII' on page 23 undefined on input line 1446.


LaTeX Warning: Reference `sec-camkii-properties' on page 23 undefined on input line 1449.

[23]

LaTeX Warning: Citation `ref-zalcman2018CaMKIIa' on page 24 undefined on input line 1455.


LaTeX Warning: Citation `ref-tullis2023Distinct' on page 24 undefined on input line 1456.


LaTeX Warning: Citation `ref-lisman2012MechanismsCaMKIIAction' on page 24 undefined on input line 1458.


LaTeX Warning: Citation `ref-kennedy1983Biochemical' on page 24 undefined on input line 1459.


LaTeX Warning: Citation `ref-chen2005Mass' on page 24 undefined on input line 1460.


LaTeX Warning: Citation `ref-hell2014CaMKII' on page 24 undefined on input line 1462.


LaTeX Warning: Citation `ref-yasuda2022CaMKIIc' on page 24 undefined on input line 1463.


LaTeX Warning: Citation `ref-rosenberg2005StructureAutoinhibitedKinase' on page 24 undefined on input line 1467.


LaTeX Warning: Citation `ref-buonarati2021Conserved' on page 24 undefined on input line 1467.


LaTeX Warning: Reference `fig-CAMKII' on page 24 undefined on input line 1470.


LaTeX Warning: Reference `fig-CAMKII' on page 24 undefined on input line 1473.


LaTeX Warning: Reference `fig-CAMKII' on page 24 undefined on input line 1475.


LaTeX Warning: Reference `fig-CAMKII' on page 24 undefined on input line 1476.


LaTeX Warning: Reference `fig-CAMKII' on page 24 undefined on input line 1477.


LaTeX Warning: Citation `ref-pellicena2014CaMKII' on page 24 undefined on input line 1480.


LaTeX Warning: Citation `ref-strack2000Mechanisma' on page 24 undefined on input line 1483.


LaTeX Warning: Citation `ref-bayer2001Interaction' on page 24 undefined on input line 1484.


LaTeX Warning: Citation `ref-ozden2022CaMKII' on page 24 undefined on input line 1485.


LaTeX Warning: Reference `sec-CaMKII-NMDAR-association' on page 24 undefined on input line 1486.

File: 20-biology_figures/CAMKII.PNG Graphic file (type bmp)
<20-biology_figures/CAMKII.PNG>

LaTeX Warning: Citation `ref-myers2017CaMKII' on page 24 undefined on input line 1508.


LaTeX Warning: Citation `ref-brown2024Studyinga' on page 24 undefined on input line 1508.


LaTeX Warning: Citation `ref-myers2017CaMKII' on page 24 undefined on input line 1508.


LaTeX Warning: Citation `ref-brown2024Studyinga' on page 24 undefined on input line 1508.

[24]

LaTeX Warning: Citation `ref-hoffman2011Conformational' on page 25 undefined on input line 1514.


LaTeX Warning: Citation `ref-bhattacharyya2020Structurala' on page 25 undefined on input line 1515.


LaTeX Warning: Citation `ref-nguyen2015Covert' on page 25 undefined on input line 1523.


LaTeX Warning: Citation `ref-ozden2022CaMKIIb' on page 25 undefined on input line 1523.


LaTeX Warning: Reference `fig-docked-undocked' on page 25 undefined on input line 1524.


LaTeX Warning: Reference `fig-CAMKII' on page 25 undefined on input line 1524.


LaTeX Warning: Reference `fig-open-close' on page 25 undefined on input line 1524.


LaTeX Warning: Reference `fig-CAMKII' on page 25 undefined on input line 1528.


LaTeX Warning: Citation `ref-rosenberg2005StructureAutoinhibitedKinase' on page 25 undefined on input line 1533.


LaTeX Warning: Citation `ref-chao2011Mechanismb' on page 25 undefined on input line 1537.


LaTeX Warning: Citation `ref-myers2017CaMKII' on page 25 undefined on input line 1538.


LaTeX Warning: Citation `ref-nguyen2015Covert' on page 25 undefined on input line 1547.


LaTeX Warning: Citation `ref-chao2011Mechanism' on page 25 undefined on input line 1548.

[25]
File: 20-biology_figures/camkii_docked_undocked.PNG Graphic file (type bmp)
<20-biology_figures/camkii_docked_undocked.PNG>


LaTeX Warning: Citation `ref-hoffman2011Conformational' on page 26 undefined on input line 1586.


LaTeX Warning: Citation `ref-singla2001Molecular' on page 26 undefined on input line 1587.


LaTeX Warning: Citation `ref-gaertner2004Comparative' on page 26 undefined on input line 1588.


LaTeX Warning: Citation `ref-nguyen2015Covert' on page 26 undefined on input line 1591.


LaTeX Warning: Citation `ref-chao2011Mechanism' on page 26 undefined on input line 1592.


LaTeX Warning: Citation `ref-gaertner2004Comparative' on page 26 undefined on input line 1593.


LaTeX Warning: Citation `ref-asciutto2021Physical' on page 26 undefined on input line 1593.


LaTeX Warning: Citation `ref-meyer1992Calmodulin' on page 26 undefined on input line 1609.


LaTeX Warning: Citation `ref-putkey1996Peptide' on page 26 undefined on input line 1610.


LaTeX Warning: Citation `ref-nguyen2015Covert' on page 26 undefined on input line 1614.


LaTeX Warning: Citation `ref-chao2011Mechanism' on page 26 undefined on input line 1615.


LaTeX Warning: Citation `ref-meyer1992Calmodulin' on page 26 undefined on input line 1619.


LaTeX Warning: Citation `ref-singla2001Moleculara' on page 26 undefined on input line 1620.

[26]
File: 20-biology_figures/camkii_kinase_domain.PNG Graphic file (type bmp)
<20-biology_figures/camkii_kinase_domain.PNG>


LaTeX Warning: Citation `ref-pharris2019Multistate' on page 27 undefined on input line 1636.


LaTeX Warning: Citation `ref-pharris2019Multistate' on page 27 undefined on input line 1636.


LaTeX Warning: Citation `ref-chang2017CaMKII' on page 27 undefined on input line 1646.


LaTeX Warning: Citation `ref-braun1995Multifunctional' on page 27 undefined on input line 1647.


LaTeX Warning: Citation `ref-buard2010CaMKII' on page 27 undefined on input line 1647.


LaTeX Warning: Reference `fig-freq_detector' on page 27 undefined on input line 1653.

Missing character: There is no ⁺ (U+207A) in font [lmroman10-regular]:mapping=tex-text;!

LaTeX Warning: Citation `ref-chang2017CaMKII' on page 27 undefined on input line 1656.


LaTeX Warning: Citation `ref-dekoninck1998Sensitivity' on page 27 undefined on input line 1657.


LaTeX Warning: Citation `ref-bayer2002Alternative' on page 27 undefined on input line 1658.

File: 20-biology_figures/freq_detector.PNG Graphic file (type bmp)
<20-biology_figures/freq_detector.PNG>

LaTeX Warning: Citation `ref-coultrap2012CaMKII' on page 27 undefined on input line 1678.


LaTeX Warning: Citation `ref-coultrap2012CaMKII' on page 27 undefined on input line 1678.


LaTeX Warning: Citation `ref-pharris2019Multistate' on page 27 undefined on input line 1684.


LaTeX Warning: Citation `ref-nicoll2005Synaptic' on page 27 undefined on input line 1685.


LaTeX Warning: Citation `ref-rellos2010Structureb' on page 27 undefined on input line 1686.


LaTeX Warning: Citation `ref-nicoll2005Synaptic' on page 27 undefined on input line 1687.


LaTeX Warning: Citation `ref-lisman2012MechanismsCaMKIIAction' on page 27 undefined on input line 1689.


LaTeX Warning: Citation `ref-rellos2010Structureb' on page 27 undefined on input line 1690.


LaTeX Warning: Citation `ref-nicoll2005Synaptic' on page 27 undefined on input line 1691.


LaTeX Warning: Citation `ref-yasuda2022CaMKIIc' on page 27 undefined on input line 1701.


LaTeX Warning: Citation `ref-hoffman2011Conformational' on page 27 undefined on input line 1702.


LaTeX Warning: Citation `ref-bhattacharyya2020Flexible' on page 27 undefined on input line 1706.


LaTeX Warning: Citation `ref-rellos2010Structureb' on page 27 undefined on input line 1707.


LaTeX Warning: Citation `ref-erickson2008Dynamic' on page 27 undefined on input line 1708.

[27]

LaTeX Warning: Reference `fig-docked-undocked' on page 28 undefined on input line 1733.


LaTeX Warning: Citation `ref-bhattacharyya2020Flexible' on page 28 undefined on input line 1738.


LaTeX Warning: Citation `ref-hanson1992Inhibitory' on page 28 undefined on input line 1739.


LaTeX Warning: Citation `ref-pi2010Autonomousa' on page 28 undefined on input line 1740.


LaTeX Warning: Citation `ref-hanson1992Inhibitory' on page 28 undefined on input line 1745.


LaTeX Warning: Citation `ref-colbran1993Inactivation' on page 28 undefined on input line 1746.


LaTeX Warning: Citation `ref-cook2021CaMKIIb' on page 28 undefined on input line 1748.


LaTeX Warning: Citation `ref-chang2019Mechanisms' on page 28 undefined on input line 1756.


LaTeX Warning: Citation `ref-yasuda2022CaMKII' on page 28 undefined on input line 1757.


LaTeX Warning: Citation `ref-bayer2024Revised' on page 28 undefined on input line 1763.


LaTeX Warning: Citation `ref-cook2021CaMKIIb' on page 28 undefined on input line 1764.


LaTeX Warning: Citation `ref-ordyan2020Interactionsb' on page 28 undefined on input line 1765.

[28]

LaTeX Warning: Citation `ref-lisman2012MechanismsCaMKIIAction' on page 29 undefined on input line 1773.


LaTeX Warning: Citation `ref-chang2017CaMKII' on page 29 undefined on input line 1774.


LaTeX Warning: Citation `ref-buard2010CaMKII' on page 29 undefined on input line 1775.


LaTeX Warning: Citation `ref-cook2021CaMKIIb' on page 29 undefined on input line 1776.


LaTeX Warning: Citation `ref-coultrap2014Autonomous' on page 29 undefined on input line 1777.


LaTeX Warning: Citation `ref-nicoll2023Synaptic' on page 29 undefined on input line 1783.


LaTeX Warning: Citation `ref-hell2014CaMKII' on page 29 undefined on input line 1792.


LaTeX Warning: Citation `ref-diaz-alonsoLongterm' on page 29 undefined on input line 1793.


LaTeX Warning: Citation `ref-patriarchi2018Postsynaptic' on page 29 undefined on input line 1793.


LaTeX Warning: Citation `ref-giese1998Autophosphorylation' on page 29 undefined on input line 1799.


LaTeX Warning: Citation `ref-vigil2016CaMKII' on page 29 undefined on input line 1799.


LaTeX Warning: Citation `ref-giese1998Autophosphorylation' on page 29 undefined on input line 1806.


LaTeX Warning: Citation `ref-gustin2011Loss' on page 29 undefined on input line 1807.


LaTeX Warning: Citation `ref-rumian2024LTP' on page 29 undefined on input line 1811.


LaTeX Warning: Citation `ref-bayer2024Revised' on page 29 undefined on input line 1824.


LaTeX Warning: Citation `ref-rumian2024LTP' on page 29 undefined on input line 1825.


LaTeX Warning: Citation `ref-chang2017CaMKII' on page 29 undefined on input line 1835.


LaTeX Warning: Citation `ref-buard2010CaMKII' on page 29 undefined on input line 1836.


LaTeX Warning: Citation `ref-sanhueza2011Role' on page 29 undefined on input line 1837.


LaTeX Warning: Citation `ref-cook2022CaMKIIb' on page 29 undefined on input line 1838.


LaTeX Warning: Citation `ref-bayer2001Interactiona' on page 29 undefined on input line 1845.


LaTeX Warning: Reference `fig-nmdar-binding' on page 29 undefined on input line 1849.


LaTeX Warning: Citation `ref-bayer2001Interaction' on page 29 undefined on input line 1860.


LaTeX Warning: Citation `ref-nicoll2023Synaptic' on page 29 undefined on input line 1861.


LaTeX Warning: Citation `ref-bayer2006Transitionb' on page 29 undefined on input line 1862.

[29]

LaTeX Warning: Citation `ref-ozden2022CaMKIIb' on page 30 undefined on input line 1867.


LaTeX Warning: Citation `ref-ozden2022CaMKIIb' on page 30 undefined on input line 1873.

File: 20-biology_figures/nmdar-binding.PNG Graphic file (type bmp)
<20-biology_figures/nmdar-binding.PNG>
[30]

LaTeX Warning: Citation `ref-incontro2018CaMKII' on page 31 undefined on input line 1912.


LaTeX Warning: Citation `ref-engelhardt2008Contribution' on page 31 undefined on input line 1913.


LaTeX Warning: Citation `ref-foster2010Distinct' on page 31 undefined on input line 1913.


LaTeX Warning: Citation `ref-sanhueza2011Role' on page 31 undefined on input line 1917.


LaTeX Warning: Citation `ref-halt2012CaMKIIc' on page 31 undefined on input line 1918.


LaTeX Warning: Citation `ref-ozden2022CaMKII' on page 31 undefined on input line 1922.


LaTeX Warning: Citation `ref-tullis2023LTP' on page 31 undefined on input line 1923.


LaTeX Warning: Citation `ref-ozden2022CaMKII' on page 31 undefined on input line 1939.


LaTeX Warning: Citation `ref-kim2016Interplay' on page 31 undefined on input line 1940.

[31]

LaTeX Warning: Citation `ref-lisman2012Mechanisms' on page 32 undefined on input line 1950.


LaTeX Warning: Citation `ref-goodell2017DAPK1' on page 32 undefined on input line 1951.


LaTeX Warning: Citation `ref-goodell2017DAPK1' on page 32 undefined on input line 1952.


LaTeX Warning: Citation `ref-tullis2021GluN2B' on page 32 undefined on input line 1953.


LaTeX Warning: Citation `ref-tullis2023Distinct' on page 32 undefined on input line 1957.


LaTeX Warning: Citation `ref-tullis2021GluN2B' on page 32 undefined on input line 1958.


LaTeX Warning: Citation `ref-goodell2017DAPK1' on page 32 undefined on input line 1961.


LaTeX Warning: Citation `ref-goodell2017DAPK1' on page 32 undefined on input line 1962.


LaTeX Warning: Citation `ref-tullis2021GluN2B' on page 32 undefined on input line 1971.


LaTeX Warning: Citation `ref-pi2010Autonomousa' on page 32 undefined on input line 1974.


LaTeX Warning: Citation `ref-coultrap2014Autonomous' on page 32 undefined on input line 1975.


LaTeX Warning: Citation `ref-bayer2024Revised' on page 32 undefined on input line 1977.


LaTeX Warning: Citation `ref-elgersma2002Inhibitory' on page 32 undefined on input line 1981.


LaTeX Warning: Citation `ref-cook2021CaMKII' on page 32 undefined on input line 1982.


LaTeX Warning: Citation `ref-bayer2001Interaction' on page 32 undefined on input line 1984.


LaTeX Warning: Citation `ref-barcomb2014Autonomous' on page 32 undefined on input line 1985.


LaTeX Warning: Reference `sec-t305-p' on page 32 undefined on input line 1994.


LaTeX Warning: Citation `ref-elgersma2002Inhibitory' on page 32 undefined on input line 2001.


LaTeX Warning: Citation `ref-cook2021CaMKII' on page 32 undefined on input line 2002.


LaTeX Warning: Citation `ref-shen1998CaMKIIv' on page 32 undefined on input line 2015.


LaTeX Warning: Citation `ref-wang2019Assemblies' on page 32 undefined on input line 2015.


LaTeX Warning: Citation `ref-shen1998CaMKIIv' on page 32 undefined on input line 2018.


LaTeX Warning: Citation `ref-okamoto2007Role' on page 32 undefined on input line 2019.


LaTeX Warning: Citation `ref-oleary2006CaMKIIv' on page 32 undefined on input line 2020.

[32]

LaTeX Warning: Citation `ref-brocke1999Functional' on page 33 undefined on input line 2028.


LaTeX Warning: Citation `ref-okamoto2007Role' on page 33 undefined on input line 2029.


LaTeX Warning: Citation `ref-okamoto2007Role' on page 33 undefined on input line 2031.


LaTeX Warning: Citation `ref-okamoto2004Rapid' on page 33 undefined on input line 2032.


LaTeX Warning: Citation `ref-okamoto2009Roles' on page 33 undefined on input line 2036.


LaTeX Warning: Citation `ref-borovac2018Regulation' on page 33 undefined on input line 2037.


LaTeX Warning: Citation `ref-fink2003Selective' on page 33 undefined on input line 2043.


LaTeX Warning: Citation `ref-incontro2018CaMKII' on page 33 undefined on input line 2055.


LaTeX Warning: Citation `ref-engelhardt2008Contribution' on page 33 undefined on input line 2056.


LaTeX Warning: Citation `ref-foster2010Distinct' on page 33 undefined on input line 2056.


LaTeX Warning: Citation `ref-incontro2018CaMKII' on page 33 undefined on input line 2063.


LaTeX Warning: Citation `ref-bayer2024Revised' on page 33 undefined on input line 2065.


LaTeX Warning: Citation `ref-rumian2024LTP' on page 33 undefined on input line 2066.


LaTeX Warning: Citation `ref-ozden2022CaMKII' on page 33 undefined on input line 2070.


LaTeX Warning: Citation `ref-bayer2001Interaction' on page 33 undefined on input line 2072.


LaTeX Warning: Citation `ref-ozden2022CaMKII' on page 33 undefined on input line 2075.


LaTeX Warning: Citation `ref-cook2021CaMKIIb' on page 33 undefined on input line 2090.


LaTeX Warning: Citation `ref-goodell2017DAPK1' on page 33 undefined on input line 2101.


LaTeX Warning: Citation `ref-goodell2017DAPK1' on page 33 undefined on input line 2102.


Underfull \hbox (badness 3579) in paragraph at lines 2104--2112
[]\TU/lmr/m/n/10.95 These questions underscore the importance of further research into the dynamics of
 []

[33] [34]
chapter 2.

LaTeX Warning: Citation `ref-rothschild2006Role' on page 35 undefined on input line 2146.


LaTeX Warning: Citation `ref-suki2011Complexity' on page 35 undefined on input line 2147.


LaTeX Warning: Reference `sec-LTP-to-explain-memory' on page 35 undefined on input line 2153.


LaTeX Warning: Citation `ref-hassan2023Perspectives' on page 35 undefined on input line 2164.


LaTeX Warning: Citation `ref-xiao2015Emergent' on page 35 undefined on input line 2168.


LaTeX Warning: Reference `sec-biology-chapter' on page 35 undefined on input line 2175.


LaTeX Warning: Citation `ref-stiles1996Miniaturea' on page 35 undefined on input line 2181.


LaTeX Warning: Citation `ref-husar2022MCell4' on page 35 undefined on input line 2181.


LaTeX Warning: Citation `ref-harris2016BioNetGena' on page 35 undefined on input line 2183.


LaTeX Warning: Citation `ref-noble2002Rise' on page 35 undefined on input line 2194.


LaTeX Warning: Citation `ref-levenstein2023Role' on page 35 undefined on input line 2194.


Overfull \hbox (0.23038pt too wide) in paragraph at lines 2192--2201
\TU/lmr/m/n/10.95 postsynaptic neuronal dendrites, where complex biochemical processes span multiple compartments
 []


LaTeX Warning: Citation `ref-levenstein2023Role' on page 35 undefined on input line 2213.

[35

]

LaTeX Warning: Reference `sec-data-hazards-chapter' on page 36 undefined on input line 2220.


LaTeX Warning: Citation `ref-teschendorff2021Statistical' on page 36 undefined on input line 2222.


LaTeX Warning: Citation `ref-demopoulos2025Chaos' on page 36 undefined on input line 2223.


LaTeX Warning: Citation `ref-szekely2014Stochastic' on page 36 undefined on input line 2244.


LaTeX Warning: Citation `ref-szekely2014Stochastic' on page 36 undefined on input line 2261.


LaTeX Warning: Citation `ref-brodland2015How' on page 36 undefined on input line 2262.

File: 30-modelling-figures/dry_wet_lab_cycle.PNG Graphic file (type bmp)
<30-modelling-figures/dry_wet_lab_cycle.PNG>

LaTeX Warning: Citation `ref-szekely2014Stochastic' on page 36 undefined on input line 2276.


LaTeX Warning: Citation `ref-szekely2014Stochastic' on page 36 undefined on input line 2276.


LaTeX Warning: Citation `ref-robinson2004Simulation' on page 36 undefined on input line 2287.


LaTeX Warning: Citation `ref-reppas2023Leveraging' on page 36 undefined on input line 2288.


LaTeX Warning: Reference `fig-dry-wet-lab-cycle' on page 36 undefined on input line 2293.


LaTeX Warning: Reference `sec-data-hazards-chapter' on page 36 undefined on input line 2301.


LaTeX Warning: Citation `ref-lafollette1995Utilizing' on page 36 undefined on input line 2307.


LaTeX Warning: Citation `ref-jaquet2021Debunking' on page 36 undefined on input line 2307.

[36]

LaTeX Warning: Citation `ref-dominguez-oliva2023Importance' on page 37 undefined on input line 2313.


LaTeX Warning: Citation `ref-mukherjee2022Role' on page 37 undefined on input line 2314.


LaTeX Warning: Citation `ref-madden2020Review' on page 37 undefined on input line 2318.


LaTeX Warning: Citation `ref-pound2004Where' on page 37 undefined on input line 2324.


LaTeX Warning: Reference `sec-open-repro-chapter' on page 37 undefined on input line 2329.


LaTeX Warning: Reference `sec-model-description' on page 37 undefined on input line 2351.

[37]

LaTeX Warning: Citation `ref-ghosh2011Software' on page 38 undefined on input line 2384.


LaTeX Warning: Citation `ref-kohl2011Standards' on page 38 undefined on input line 2384.


LaTeX Warning: Citation `ref-cook2009Programmability' on page 38 undefined on input line 2399.


LaTeX Warning: Citation `ref-besozzi2016ReactionBased' on page 38 undefined on input line 2402.


LaTeX Warning: Citation `ref-cook2009Programmability' on page 38 undefined on input line 2414.


LaTeX Warning: Reference `sec-model-description' on page 38 undefined on input line 2431.


LaTeX Warning: Citation `ref-resat2009Kinetic' on page 38 undefined on input line 2435.


LaTeX Warning: Citation `ref-marchetti2017Simulation' on page 38 undefined on input line 2438.


LaTeX Warning: Citation `ref-mazo2008PROBABILITY' on page 38 undefined on input line 2445.


LaTeX Warning: Citation `ref-earnest2018Simulating' on page 38 undefined on input line 2446.

[38]

LaTeX Warning: Citation `ref-marin2019Kinetics' on page 39 undefined on input line 2476.


LaTeX Warning: Citation `ref-hoops2016Chapter' on page 39 undefined on input line 2479.


LaTeX Warning: Citation `ref-johnson2021Quantifying' on page 39 undefined on input line 2492.


LaTeX Warning: Citation `ref-smith2019Spatial' on page 39 undefined on input line 2493.


LaTeX Warning: Citation `ref-postawa2020Comprehensive' on page 39 undefined on input line 2499.


LaTeX Warning: Citation `ref-maly2009Introduction' on page 39 undefined on input line 2502.


LaTeX Warning: Citation `ref-szekely2014Stochastic' on page 39 undefined on input line 2509.


LaTeX Warning: Citation `ref-gillespie2007Stochastic' on page 39 undefined on input line 2510.


LaTeX Warning: Citation `ref-szekely2014Stochastic' on page 39 undefined on input line 2519.


LaTeX Warning: Citation `ref-gillespie2007Stochastic' on page 39 undefined on input line 2520.

[39]

LaTeX Warning: Citation `ref-ritter2011Determining' on page 40 undefined on input line 2532.


LaTeX Warning: Citation `ref-byrne2013How' on page 40 undefined on input line 2533.


LaTeX Warning: Citation `ref-sanhueza2013CaMKII' on page 40 undefined on input line 2575.


LaTeX Warning: Citation `ref-2015Biochemical' on page 40 undefined on input line 2576.


LaTeX Warning: Citation `ref-klamt2002Combinatorial' on page 40 undefined on input line 2579.


LaTeX Warning: Citation `ref-stefan2014Multistate' on page 40 undefined on input line 2594.

[40]

LaTeX Warning: Citation `ref-gomperts2009Signal' on page 41 undefined on input line 2600.


LaTeX Warning: Citation `ref-hunter2000Signaling' on page 41 undefined on input line 2601.


LaTeX Warning: Citation `ref-pharris2019Multistate' on page 41 undefined on input line 2609.


LaTeX Warning: Citation `ref-changeux2005Allosteric' on page 41 undefined on input line 2610.


LaTeX Warning: Citation `ref-nicoll2023Synapticc' on page 41 undefined on input line 2619.


LaTeX Warning: Citation `ref-pharris2019Multistate' on page 41 undefined on input line 2622.


LaTeX Warning: Citation `ref-pharris2019Multistate' on page 41 undefined on input line 2625.


LaTeX Warning: Citation `ref-stefan2014Multistate' on page 41 undefined on input line 2636.


LaTeX Warning: Citation `ref-harris2009Compartmental' on page 41 undefined on input line 2662.


LaTeX Warning: Citation `ref-chylek2015Modeling' on page 41 undefined on input line 2662.

[41]

LaTeX Warning: Citation `ref-harris2016BioNetGena' on page 42 undefined on input line 2680.


LaTeX Warning: Citation `ref-schaff2016Rulebased' on page 42 undefined on input line 2695.


LaTeX Warning: Citation `ref-boutillier2018Kappa' on page 42 undefined on input line 2695.


LaTeX Warning: Reference `fig-camkii-dodecamer' on page 42 undefined on input line 2705.


LaTeX Warning: Citation `ref-chylek2014Rulebased' on page 42 undefined on input line 2711.


LaTeX Warning: Reference `fig-bngl-rbm-example' on page 42 undefined on input line 2719.

File: 30-modelling-figures/AB_phospho.PNG Graphic file (type bmp)
<30-modelling-figures/AB_phospho.PNG>

LaTeX Warning: Reference `fig-bngl-rbm-example' on page 42 undefined on input line 2756.


LaTeX Warning: Citation `ref-karp1975Computational' on page 42 undefined on input line 2764.


LaTeX Warning: Citation `ref-suarez2009Challenges' on page 42 undefined on input line 2764.


LaTeX Warning: Reference `sec-model-description' on page 42 undefined on input line 2766.


LaTeX Warning: Citation `ref-harris2009Compartmental' on page 42 undefined on input line 2771.


LaTeX Warning: Citation `ref-husar2022MCell4' on page 42 undefined on input line 2775.


LaTeX Warning: Citation `ref-stiles1996Miniaturea' on page 42 undefined on input line 2788.


LaTeX Warning: Citation `ref-husar2022MCell4' on page 42 undefined on input line 2788.


LaTeX Warning: Citation `ref-gupta2018Spatial' on page 42 undefined on input line 2799.

[42] [43]

LaTeX Warning: Reference `sec-complexity-systems-biology' on page 44 undefined on input line 2803.


LaTeX Warning: Reference `fig-mcell-works' on page 44 undefined on input line 2825.


LaTeX Warning: Citation `ref-bartol2015Computational' on page 44 undefined on input line 2829.


LaTeX Warning: Citation `ref-kerr2008FAST' on page 44 undefined on input line 2831.


LaTeX Warning: Citation `ref-bartol2000Monte' on page 44 undefined on input line 2832.

File: 30-modelling-figures/mcell_works.PNG Graphic file (type bmp)
<30-modelling-figures/mcell_works.PNG>

LaTeX Warning: Reference `sec-how-do-we-model' on page 44 undefined on input line 2857.

[44]

LaTeX Warning: Citation `ref-husar2022MCell4' on page 45 undefined on input line 2866.


LaTeX Warning: Citation `ref-husar2022MCell4' on page 45 undefined on input line 2871.


LaTeX Warning: Reference `fig-mcellparsing' on page 45 undefined on input line 2884.

File: 30-modelling-figures/mcellparsing.PNG Graphic file (type bmp)
<30-modelling-figures/mcellparsing.PNG>

LaTeX Warning: Citation `ref-husar2022MCell4' on page 45 undefined on input line 2901.


LaTeX Warning: Citation `ref-husar2022MCell4' on page 45 undefined on input line 2901.


LaTeX Warning: Reference `fig-input-output' on page 45 undefined on input line 2914.


LaTeX Warning: Reference `fig-bngl-workflow' on page 45 undefined on input line 2917.


LaTeX Warning: Reference `fig-mcell-workflow' on page 45 undefined on input line 2920.


LaTeX Warning: Reference `fig-mcellparsing' on page 45 undefined on input line 2922.

[45]

LaTeX Warning: Reference `fig-bngl-workflow' on page 46 undefined on input line 2925.


LaTeX Warning: Citation `ref-harris2016BioNetGena' on page 46 undefined on input line 2928.


LaTeX Warning: Reference `sec-model-description' on page 46 undefined on input line 2936.

File: 30-modelling-figures/mcell4BNGLworkflow.PNG Graphic file (type bmp)
<30-modelling-figures/mcell4BNGLworkflow.PNG>
File: 30-modelling-figures/mcell4BNGLworkflow2.PNG Graphic file (type bmp)
<30-modelling-figures/mcell4BNGLworkflow2.PNG>
[46]

LaTeX Warning: Reference `fig-workflow' on page 47 undefined on input line 3010.


LaTeX Warning: Reference `fig-input-output' on page 47 undefined on input line 3012.

[47]

LaTeX Warning: Reference `sec-model-description' on page 48 undefined on input line 3022.

File: 30-modelling-figures/inputoutput.PNG Graphic file (type bmp)
<30-modelling-figures/inputoutput.PNG>
File: 30-modelling-figures/inputoutput2.PNG Graphic file (type bmp)
<30-modelling-figures/inputoutput2.PNG>

LaTeX Warning: Citation `ref-hucka2003Systems' on page 48 undefined on input line 3084.


LaTeX Warning: Citation `ref-keating2020SBML' on page 48 undefined on input line 3085.

[48] [49]
chapter 3.

LaTeX Warning: Citation `ref-angell1986Publish' on page 50 undefined on input line 3111.


LaTeX Warning: Citation `ref-rawat2014Publish' on page 50 undefined on input line 3112.


LaTeX Warning: Citation `ref-york2015Defining' on page 50 undefined on input line 3124.


LaTeX Warning: Citation `ref-elbanna2023Publish' on page 50 undefined on input line 3124.


LaTeX Warning: Citation `ref-miller2011Publish' on page 50 undefined on input line 3130.


LaTeX Warning: Citation `ref-hangel2017Why' on page 50 undefined on input line 3131.


LaTeX Warning: Citation `ref-morley2007Employers' on page 50 undefined on input line 3136.


LaTeX Warning: Citation `ref-campbell2019Prestige' on page 50 undefined on input line 3136.


LaTeX Warning: Citation `ref-jazeel2010Limits' on page 50 undefined on input line 3140.


LaTeX Warning: Citation `ref-amutuhaire2022Reality' on page 50 undefined on input line 3140.


LaTeX Warning: Citation `ref-castrotorres2022North' on page 50 undefined on input line 3144.


LaTeX Warning: Citation `ref-chan2014Increasing' on page 50 undefined on input line 3145.


LaTeX Warning: Citation `ref-collyer2018Global' on page 50 undefined on input line 3146.


LaTeX Warning: Citation `ref-hopkins2013Disparities' on page 50 undefined on input line 3147.


LaTeX Warning: Citation `ref-willis2021Gender' on page 50 undefined on input line 3148.


LaTeX Warning: Citation `ref-hopkins2013Disparities' on page 50 undefined on input line 3157.


LaTeX Warning: Citation `ref-boda2022What' on page 50 undefined on input line 3157.


LaTeX Warning: Citation `ref-thornton2000Publication' on page 50 undefined on input line 3170.


LaTeX Warning: Citation `ref-page2021Investigating' on page 50 undefined on input line 3171.


LaTeX Warning: Citation `ref-sinha2006Reporting' on page 50 undefined on input line 3176.


LaTeX Warning: Citation `ref-schneck2023Are' on page 50 undefined on input line 3176.


LaTeX Warning: Citation `ref-carlson2012Understanding' on page 50 undefined on input line 3187.


LaTeX Warning: Citation `ref-afonso2024Perils' on page 50 undefined on input line 3190.


LaTeX Warning: Citation `ref-kicinski2013Publication' on page 50 undefined on input line 3194.


LaTeX Warning: Citation `ref-page2019Assessing' on page 50 undefined on input line 3194.

[50

]

LaTeX Warning: Citation `ref-stengers2016Another' on page 51 undefined on input line 3202.


LaTeX Warning: Citation `ref-leite2021Juggling' on page 51 undefined on input line 3203.


LaTeX Warning: Citation `ref-baker2016500ScientistsLift' on page 51 undefined on input line 3207.


LaTeX Warning: Citation `ref-tiwari2021ReproducibilitySystemsBiology' on page 51 undefined on input line 3210.


LaTeX Warning: Citation `ref-ioannidis2005Whya' on page 51 undefined on input line 3221.


LaTeX Warning: Citation `ref-stefan2023Big' on page 51 undefined on input line 3221.


LaTeX Warning: Citation `ref-wagenmakers2007Practical' on page 51 undefined on input line 3227.


LaTeX Warning: Citation `ref-lew2020Reckless' on page 51 undefined on input line 3227.


LaTeX Warning: Citation `ref-lew2020Reckless' on page 51 undefined on input line 3232.


LaTeX Warning: Citation `ref-flier2017Irreproducibility' on page 51 undefined on input line 3237.


LaTeX Warning: Citation `ref-bausell2021Problem' on page 51 undefined on input line 3238.


LaTeX Warning: Citation `ref-bhandari2004Association' on page 51 undefined on input line 3245.


LaTeX Warning: Citation `ref-ebadi2016How' on page 51 undefined on input line 3245.


LaTeX Warning: Citation `ref-science2023Reproducibility' on page 51 undefined on input line 3247.


LaTeX Warning: Citation `ref-john2012Measuring' on page 51 undefined on input line 3257.


LaTeX Warning: Citation `ref-nature2018Challenges' on page 51 undefined on input line 3267.

[51]

LaTeX Warning: Citation `ref-ivie2018ReproducibilityScientificComputing' on page 52 undefined on input line 3293.


LaTeX Warning: Citation `ref-claerbout1992ElectronicDocumentsGive' on page 52 undefined on input line 3294.


LaTeX Warning: Citation `ref-plesser2018ReproducibilityVsReplicability' on page 52 undefined on input line 3295.


LaTeX Warning: Citation `ref-barba2018TerminologiesReproducibleResearch' on page 52 undefined on input line 3297.


LaTeX Warning: Citation `ref-claerbout1992ElectronicDocumentsGive' on page 52 undefined on input line 3300.


LaTeX Warning: Citation `ref-ivie2018ReproducibilityScientificComputing' on page 52 undefined on input line 3304.


LaTeX Warning: Citation `ref-turingwaycommunity2019TuringWayHandbook' on page 52 undefined on input line 3309.

File: 22-reproducibility-figures/repro_definintions.PNG Graphic file (type bmp)
<22-reproducibility-figures/repro_definintions.PNG>

LaTeX Warning: Citation `ref-turingwaycommunity2019TuringWayHandbook' on page 52 undefined on input line 3326.


LaTeX Warning: Citation `ref-turingwaycommunity2019TuringWayHandbook' on page 52 undefined on input line 3326.


LaTeX Warning: Citation `ref-vicente-saez2018Open' on page 52 undefined on input line 3363.

[52]

LaTeX Warning: Citation `ref-Whata' on page 53 undefined on input line 3378.


LaTeX Warning: Citation `ref-Open' on page 53 undefined on input line 3379.


LaTeX Warning: Citation `ref-suber2012Open' on page 53 undefined on input line 3380.


LaTeX Warning: Citation `ref-turingwaycommunity2019TuringWayHandbook' on page 53 undefined on input line 3381.


LaTeX Warning: Citation `ref-Opena' on page 53 undefined on input line 3382.


LaTeX Warning: Citation `ref-Opena' on page 53 undefined on input line 3382.


LaTeX Warning: Citation `ref-parsons2022Communitysourced' on page 53 undefined on input line 3383.


LaTeX Warning: Citation `ref-Guide' on page 53 undefined on input line 3391.


LaTeX Warning: Citation `ref-kreutzer2014Open' on page 53 undefined on input line 3392.


LaTeX Warning: Citation `ref-borrego2023Article' on page 53 undefined on input line 3397.


LaTeX Warning: Citation `ref-bjork2014Anatomy' on page 53 undefined on input line 3401.


LaTeX Warning: Citation `ref-scanlon2014Scholarship' on page 53 undefined on input line 3420.


LaTeX Warning: Citation `ref-tennant2019Foundations' on page 53 undefined on input line 3421.


LaTeX Warning: Citation `ref-emeryLibGuides' on page 53 undefined on input line 3423.


LaTeX Warning: Citation `ref-regulation2016RegulationEU2016' on page 53 undefined on input line 3434.


LaTeX Warning: Citation `ref-wilkinson2016FAIRa' on page 53 undefined on input line 3450.

[53]

LaTeX Warning: Citation `ref-cole2017Using' on page 54 undefined on input line 3456.


LaTeX Warning: Citation `ref-kim2024Findability' on page 54 undefined on input line 3456.


LaTeX Warning: Citation `ref-borrego2023Article' on page 54 undefined on input line 3462.


LaTeX Warning: Citation `ref-hasselbring2019FAIR' on page 54 undefined on input line 3463.


LaTeX Warning: Citation `ref-lannelongue2023GREENER' on page 54 undefined on input line 3470.


LaTeX Warning: Citation `ref-jacobsen2020FAIR' on page 54 undefined on input line 3511.


LaTeX Warning: Citation `ref-garcia2022Thinkinga' on page 54 undefined on input line 3521.


LaTeX Warning: Citation `ref-romangarcia2023Data' on page 54 undefined on input line 3522.

[54]

LaTeX Warning: Citation `ref-jacobsen2020FAIR' on page 55 undefined on input line 3533.


LaTeX Warning: Citation `ref-garcia2024Data' on page 55 undefined on input line 3561.


LaTeX Warning: Citation `ref-bjork2014Anatomy' on page 55 undefined on input line 3563.


LaTeX Warning: Citation `ref-garcia2025Data' on page 55 undefined on input line 3565.


LaTeX Warning: Citation `ref-borrego2023Article' on page 55 undefined on input line 3567.


LaTeX Warning: Citation `ref-jacobsen2020FAIR' on page 55 undefined on input line 3574.


LaTeX Warning: Reference `sec-how-do-we-model' on page 55 undefined on input line 3581.


LaTeX Warning: Citation `ref-jacobsen2020FAIR' on page 55 undefined on input line 3601.

[55]

LaTeX Warning: Reference `sec-model-description' on page 56 undefined on input line 3617.


LaTeX Warning: Citation `ref-turingwaycommunity2019TuringWayHandbook' on page 56 undefined on input line 3643.


LaTeX Warning: Reference `sec-data-hazards-chapter' on page 56 undefined on input line 3657.


LaTeX Warning: Citation `ref-githubREADMEs' on page 56 undefined on input line 3661.


LaTeX Warning: Citation `ref-spinellis2003Code' on page 56 undefined on input line 3685.


LaTeX Warning: Citation `ref-turingwaycommunity2019TuringWayHandbook' on page 56 undefined on input line 3689.


LaTeX Warning: Citation `ref-gruning2018Practical' on page 56 undefined on input line 3694.


LaTeX Warning: Citation `ref-maji2020Demystifying' on page 56 undefined on input line 3695.

[56]
File: 22-reproducibility-figures/environment.PNG Graphic file (type bmp)
<22-reproducibility-figures/environment.PNG>


LaTeX Warning: Citation `ref-mccauley2008Debugging' on page 57 undefined on input line 3755.

[57]

LaTeX Warning: Citation `ref-turingwaycommunity2019TuringWayHandbook' on page 58 undefined on input line 3766.


LaTeX Warning: Citation `ref-sandve2013Ten' on page 58 undefined on input line 3767.


LaTeX Warning: Citation `ref-hamra2025Advancing' on page 58 undefined on input line 3767.


LaTeX Warning: Citation `ref-hamra2025Advancing' on page 58 undefined on input line 3777.


LaTeX Warning: Citation `ref-atkins2002Using' on page 58 undefined on input line 3785.


LaTeX Warning: Citation `ref-hethey2013GitLab' on page 58 undefined on input line 3785.


LaTeX Warning: Citation `ref-loeliger2012Version' on page 58 undefined on input line 3787.


LaTeX Warning: Reference `sec-validating-model' on page 58 undefined on input line 3812.


LaTeX Warning: Citation `ref-turingwaycommunity2019TuringWayHandbook' on page 58 undefined on input line 3821.

[58]

LaTeX Warning: Citation `ref-allaire2024Quarto' on page 59 undefined on input line 3863.

[59]

LaTeX Warning: Citation `ref-balaur2025FAIRification' on page 60 undefined on input line 3934.


LaTeX Warning: Reference `fig-tiwari-rubric' on page 60 undefined on input line 3938.


LaTeX Warning: Citation `ref-tiwari2021Reproducibility' on page 60 undefined on input line 3942.

File: 22-reproducibility-figures/tiwari-rubric.PNG Graphic file (type bmp)
<22-reproducibility-figures/tiwari-rubric.PNG>

LaTeX Warning: Citation `ref-tiwari2021Reproducibility' on page 60 undefined on input line 3954.


LaTeX Warning: Citation `ref-tiwari2021Reproducibility' on page 60 undefined on input line 3954.


LaTeX Warning: Citation `ref-lenovere2006BioModels' on page 60 undefined on input line 3962.


LaTeX Warning: Citation `ref-malik-sheriff2020BioModels' on page 60 undefined on input line 3963.


LaTeX Warning: Citation `ref-bergmann2014COMBINE' on page 60 undefined on input line 3972.


LaTeX Warning: Citation `ref-bodenreider2006Bioontologies' on page 60 undefined on input line 3983.


LaTeX Warning: Citation `ref-fitzpatrick2022Validation' on page 60 undefined on input line 3983.

[60] [61]

LaTeX Warning: Citation `ref-farrow2016Framework' on page 62 undefined on input line 4000.


LaTeX Warning: Citation `ref-kushwaha2024Ethical' on page 62 undefined on input line 4001.


LaTeX Warning: Citation `ref-rollin2006Science' on page 62 undefined on input line 4010.


LaTeX Warning: Citation `ref-menapace2019Scientific' on page 62 undefined on input line 4010.


LaTeX Warning: Citation `ref-gensler2017Ethics' on page 62 undefined on input line 4013.


LaTeX Warning: Citation `ref-joyner2002Evolution' on page 62 undefined on input line 4025.


LaTeX Warning: Citation `ref-macklin2008Standard' on page 62 undefined on input line 4025.


LaTeX Warning: Citation `ref-garcia2022Thinkinga' on page 62 undefined on input line 4031.


LaTeX Warning: Citation `ref-jackson2005Origins' on page 62 undefined on input line 4032.


LaTeX Warning: Citation `ref-birhane2020Decolonising' on page 62 undefined on input line 4032.


LaTeX Warning: Reference `sec-data-hazards-chapter' on page 62 undefined on input line 4034.


LaTeX Warning: Citation `ref-garcia2022Thinkinga' on page 62 undefined on input line 4046.


LaTeX Warning: Citation `ref-branch2022Discussionsa' on page 62 undefined on input line 4051.


LaTeX Warning: Reference `sec-data-hazards-chapter' on page 62 undefined on input line 4067.


LaTeX Warning: Citation `ref-medicine2017Fostering' on page 62 undefined on input line 4070.


LaTeX Warning: Citation `ref-zhaksylyk2023Research' on page 62 undefined on input line 4071.

[62]

LaTeX Warning: Citation `ref-tjeltveit2015Appropriately' on page 63 undefined on input line 4117.


LaTeX Warning: Citation `ref-ross2020Everyday' on page 63 undefined on input line 4117.

[63]

LaTeX Warning: Citation `ref-romangarcia2022Biasa' on page 64 undefined on input line 4145.


LaTeX Warning: Citation `ref-romangarcia2022Biasa' on page 64 undefined on input line 4164.


LaTeX Warning: Reference `fig-posterPhDjourney' on page 64 undefined on input line 4178.


LaTeX Warning: Reference `sec-data-hazards-chapter' on page 64 undefined on input line 4184.


LaTeX Warning: Citation `ref-garcia2025Data' on page 64 undefined on input line 4193.

File: 22-reproducibility-figures/20221006_poster_phd_journey.jpg Graphic file (type bmp)
<22-reproducibility-figures/20221006_poster_phd_journey.jpg>

LaTeX Warning: `h' float specifier changed to `ht'.

[64] [65]
chapter 4.

LaTeX Warning: Citation `ref-zelenka2023Data' on page 66 undefined on input line 4220.


LaTeX Warning: Citation `ref-roman-garcia2022Data' on page 66 undefined on input line 4242.


LaTeX Warning: Citation `ref-turingwaycommunity2019TuringWayHandbook' on page 66 undefined on input line 4246.


LaTeX Warning: Citation `ref-romangarcia2023Data' on page 66 undefined on input line 4252.


LaTeX Warning: Reference `fig-barchart' on page 66 undefined on input line 4256.


LaTeX Warning: File `20-data-hazards_files/figure-pdf/fig-barchart-output-1.pdf' not found on input line 4262.

! Unable to load picture or PDF file '20-data-hazards_files/figure-pdf/fig-barchart-output-1.pdf'.
<to be read again> 
                   }
l.4262 ...s/figure-pdf/fig-barchart-output-1.pdf}}
                                                  
? 
File: 20-data-hazards_files/figure-pdf/fig-barchart-output-1.pdf Graphic file (type pdf)
<use 20-data-hazards_files/figure-pdf/fig-barchart-output-1.pdf>
! Unable to load picture or PDF file '20-data-hazards_files/figure-pdf/fig-barchart-output-1.pdf'.
<to be read again> 
                   \GPT@clipend 
l.4262 ...s/figure-pdf/fig-barchart-output-1.pdf}}
                                                  
? 

! Package graphics Error: Division by 0.

See the graphics package documentation for explanation.
Type  H <return>  for immediate help.
 ...                                              
                                                  
l.4262 ...s/figure-pdf/fig-barchart-output-1.pdf}}
                                                  
? H
Your command was ignored.
Type  I <command> <return>  to replace it with another command,
or  <return>  to continue without it.
? 

! Package graphics Error: Division by 0.

See the graphics package documentation for explanation.
Type  H <return>  for immediate help.
 ...                                              
                                                  
l.4262 ...s/figure-pdf/fig-barchart-output-1.pdf}}
                                                  
? 

LaTeX Warning: Reference `fig-barchart' on page 66 undefined on input line 4278.

[66

] [67]
*geometry* verbose mode - [ newgeometry ] result:
* driver: xetex
* paper: a4paper
* layout: <same size as paper>
* layoutoffset:(h,v)=(0.0pt,0.0pt)
* modes: 
* h-part:(L,W,R)=(36.135pt, 525.23788pt, 36.135pt)
* v-part:(T,H,B)=(36.135pt, 736.64186pt, 72.26999pt)
* \paperwidth=597.50787pt
* \paperheight=845.04684pt
* \textwidth=525.23788pt
* \textheight=736.64186pt
* \oddsidemargin=-36.135pt
* \evensidemargin=-36.135pt
* \topmargin=-73.535pt
* \headheight=17.0pt
* \headsep=20.40001pt
* \topskip=11.0pt
* \footskip=47.6pt
* \marginparwidth=87.75642pt
* \marginparsep=12.8401pt
* \columnsep=10.0pt
* \skip\footins=10.0pt plus 4.0pt minus 2.0pt
* \hoffset=0.0pt
* \voffset=0.0pt
* \mag=1000
* \@twocolumnfalse
* \@twosidefalse
* \@mparswitchfalse
* \@reversemarginfalse
* (1in=72.27pt=25.4mm, 1cm=28.453pt)

File: neuroethics_paper.pdf Graphic file (type pdf)
<use neuroethics_paper.pdf>
File: neuroethics_paper.pdf Graphic file (type pdf)
<use neuroethics_paper.pdf>
File: neuroethics_paper.pdf Graphic file (type pdf)
<use neuroethics_paper.pdf, page 1>
File: neuroethics_paper.pdf Graphic file (type pdf)
<use neuroethics_paper.pdf, page 1>
File: neuroethics_paper.pdf Graphic file (type pdf)
<use neuroethics_paper.pdf, page 1>
File: neuroethics_paper.pdf Graphic file (type pdf)
<use neuroethics_paper.pdf, page 1>
File: neuroethics_paper.pdf Graphic file (type pdf)
<use neuroethics_paper.pdf, page 1>
 [68


]
File: neuroethics_paper.pdf Graphic file (type pdf)
<use neuroethics_paper.pdf, page 2>
File: neuroethics_paper.pdf Graphic file (type pdf)
<use neuroethics_paper.pdf, page 2>
File: neuroethics_paper.pdf Graphic file (type pdf)
<use neuroethics_paper.pdf, page 2>
 [69

]
File: neuroethics_paper.pdf Graphic file (type pdf)
<use neuroethics_paper.pdf, page 3>
File: neuroethics_paper.pdf Graphic file (type pdf)
<use neuroethics_paper.pdf, page 3>
File: neuroethics_paper.pdf Graphic file (type pdf)
<use neuroethics_paper.pdf, page 3>
 [70

]
File: neuroethics_paper.pdf Graphic file (type pdf)
<use neuroethics_paper.pdf, page 4>
File: neuroethics_paper.pdf Graphic file (type pdf)
<use neuroethics_paper.pdf, page 4>
File: neuroethics_paper.pdf Graphic file (type pdf)
<use neuroethics_paper.pdf, page 4>
 [71

]
File: neuroethics_paper.pdf Graphic file (type pdf)
<use neuroethics_paper.pdf, page 5>
File: neuroethics_paper.pdf Graphic file (type pdf)
<use neuroethics_paper.pdf, page 5>
File: neuroethics_paper.pdf Graphic file (type pdf)
<use neuroethics_paper.pdf, page 5>
 [72

]
File: neuroethics_paper.pdf Graphic file (type pdf)
<use neuroethics_paper.pdf, page 6>
File: neuroethics_paper.pdf Graphic file (type pdf)
<use neuroethics_paper.pdf, page 6>
File: neuroethics_paper.pdf Graphic file (type pdf)
<use neuroethics_paper.pdf, page 6>
 [73

]
File: neuroethics_paper.pdf Graphic file (type pdf)
<use neuroethics_paper.pdf, page 7>
File: neuroethics_paper.pdf Graphic file (type pdf)
<use neuroethics_paper.pdf, page 7>
File: neuroethics_paper.pdf Graphic file (type pdf)
<use neuroethics_paper.pdf, page 7>
 [74

]
File: neuroethics_paper.pdf Graphic file (type pdf)
<use neuroethics_paper.pdf, page 8>
File: neuroethics_paper.pdf Graphic file (type pdf)
<use neuroethics_paper.pdf, page 8>
File: neuroethics_paper.pdf Graphic file (type pdf)
<use neuroethics_paper.pdf, page 8>
 [75

]
File: neuroethics_paper.pdf Graphic file (type pdf)
<use neuroethics_paper.pdf, page 9>
File: neuroethics_paper.pdf Graphic file (type pdf)
<use neuroethics_paper.pdf, page 9>
File: neuroethics_paper.pdf Graphic file (type pdf)
<use neuroethics_paper.pdf, page 9>
 [76

]
File: neuroethics_paper.pdf Graphic file (type pdf)
<use neuroethics_paper.pdf, page 10>
File: neuroethics_paper.pdf Graphic file (type pdf)
<use neuroethics_paper.pdf, page 10>
File: neuroethics_paper.pdf Graphic file (type pdf)
<use neuroethics_paper.pdf, page 10>
 [77

]
File: neuroethics_paper.pdf Graphic file (type pdf)
<use neuroethics_paper.pdf, page 11>
File: neuroethics_paper.pdf Graphic file (type pdf)
<use neuroethics_paper.pdf, page 11>
File: neuroethics_paper.pdf Graphic file (type pdf)
<use neuroethics_paper.pdf, page 11>
 [78

]
File: neuroethics_paper.pdf Graphic file (type pdf)
<use neuroethics_paper.pdf, page 12>
File: neuroethics_paper.pdf Graphic file (type pdf)
<use neuroethics_paper.pdf, page 12>
File: neuroethics_paper.pdf Graphic file (type pdf)
<use neuroethics_paper.pdf, page 12>
 [79

]
File: neuroethics_paper.pdf Graphic file (type pdf)
<use neuroethics_paper.pdf, page 13>
File: neuroethics_paper.pdf Graphic file (type pdf)
<use neuroethics_paper.pdf, page 13>
File: neuroethics_paper.pdf Graphic file (type pdf)
<use neuroethics_paper.pdf, page 13>
 [80

]
File: neuroethics_paper.pdf Graphic file (type pdf)
<use neuroethics_paper.pdf, page 14>
File: neuroethics_paper.pdf Graphic file (type pdf)
<use neuroethics_paper.pdf, page 14>
File: neuroethics_paper.pdf Graphic file (type pdf)
<use neuroethics_paper.pdf, page 14>
 [81

]
File: neuroethics_paper.pdf Graphic file (type pdf)
<use neuroethics_paper.pdf, page 15>
File: neuroethics_paper.pdf Graphic file (type pdf)
<use neuroethics_paper.pdf, page 15>
File: neuroethics_paper.pdf Graphic file (type pdf)
<use neuroethics_paper.pdf, page 15>
 [82

]
File: neuroethics_paper.pdf Graphic file (type pdf)
<use neuroethics_paper.pdf, page 16>
File: neuroethics_paper.pdf Graphic file (type pdf)
<use neuroethics_paper.pdf, page 16>
File: neuroethics_paper.pdf Graphic file (type pdf)
<use neuroethics_paper.pdf, page 16>
 [83

]
File: neuroethics_paper.pdf Graphic file (type pdf)
<use neuroethics_paper.pdf, page 17>
File: neuroethics_paper.pdf Graphic file (type pdf)
<use neuroethics_paper.pdf, page 17>
File: neuroethics_paper.pdf Graphic file (type pdf)
<use neuroethics_paper.pdf, page 17>
 [84

]
File: neuroethics_paper.pdf Graphic file (type pdf)
<use neuroethics_paper.pdf, page 18>
File: neuroethics_paper.pdf Graphic file (type pdf)
<use neuroethics_paper.pdf, page 18>
File: neuroethics_paper.pdf Graphic file (type pdf)
<use neuroethics_paper.pdf, page 18>
 [85

]
File: neuroethics_paper.pdf Graphic file (type pdf)
<use neuroethics_paper.pdf, page 19>
File: neuroethics_paper.pdf Graphic file (type pdf)
<use neuroethics_paper.pdf, page 19>
File: neuroethics_paper.pdf Graphic file (type pdf)
<use neuroethics_paper.pdf, page 19>
 [86

]
File: neuroethics_paper.pdf Graphic file (type pdf)
<use neuroethics_paper.pdf, page 20>
File: neuroethics_paper.pdf Graphic file (type pdf)
<use neuroethics_paper.pdf, page 20>
File: neuroethics_paper.pdf Graphic file (type pdf)
<use neuroethics_paper.pdf, page 20>
 [87

]
File: neuroethics_paper.pdf Graphic file (type pdf)
<use neuroethics_paper.pdf, page 21>
File: neuroethics_paper.pdf Graphic file (type pdf)
<use neuroethics_paper.pdf, page 21>
File: neuroethics_paper.pdf Graphic file (type pdf)
<use neuroethics_paper.pdf, page 21>
 [88

] [89

]
chapter 5.

LaTeX Warning: Citation `ref-pharris2019Multistate' on page 90 undefined on input line 4381.


LaTeX Warning: Citation `ref-holmes2000Models' on page 90 undefined on input line 4382.


LaTeX Warning: Citation `ref-bartol2024Spatial' on page 90 undefined on input line 4382.


LaTeX Warning: Citation `ref-pharris2019Multistate' on page 90 undefined on input line 4390.


LaTeX Warning: Citation `ref-ordyan2020Interactions' on page 90 undefined on input line 4391.


LaTeX Warning: Citation `ref-bartol2024Spatial' on page 90 undefined on input line 4392.


LaTeX Warning: Citation `ref-pharris2019Multistate' on page 90 undefined on input line 4399.


LaTeX Warning: Citation `ref-ordyan2020Interactions' on page 90 undefined on input line 4400.


LaTeX Warning: Citation `ref-bartol2024Spatial' on page 90 undefined on input line 4401.


LaTeX Warning: Citation `ref-davies2007ACaMKII' on page 90 undefined on input line 4410.


LaTeX Warning: Citation `ref-pharris2019Multistate' on page 90 undefined on input line 4420.


LaTeX Warning: Citation `ref-holmes2000Models' on page 90 undefined on input line 4421.


LaTeX Warning: Citation `ref-bartol2024Spatial' on page 90 undefined on input line 4421.


LaTeX Warning: Citation `ref-stefan2008Allostericd' on page 90 undefined on input line 4423.


LaTeX Warning: Citation `ref-stefan2011MultiStage' on page 90 undefined on input line 4424.


LaTeX Warning: Citation `ref-lenovere2001StochSim' on page 90 undefined on input line 4426.


LaTeX Warning: Citation `ref-pharris2019Multistate' on page 90 undefined on input line 4431.


LaTeX Warning: Citation `ref-ordyan2020Interactions' on page 90 undefined on input line 4440.


LaTeX Warning: Citation `ref-bartol2024Spatial' on page 90 undefined on input line 4448.

[90

]

LaTeX Warning: Reference `sec-camkii-as-dodecamer' on page 91 undefined on input line 4464.


LaTeX Warning: Reference `eq-molec-concentrations-calc' on page 91 undefined on input line 4476.


LaTeX Warning: Reference `eq-molec-concentrations-calc-example' on page 91 undefined on input line 4492.


LaTeX Warning: Reference `fig-molecule-concentrations' on page 91 undefined on input line 4504.


LaTeX Warning: Reference `fig-tbl-1' on page 91 undefined on input line 4508.

File: 30-methods-figures/molecule-concentrations.PNG Graphic file (type bmp)
<30-methods-figures/molecule-concentrations.PNG>

LaTeX Warning: Reference `eq-molec-concentrations-calc' on page 91 undefined on input line 4525.


LaTeX Warning: Reference `eq-molec-concentrations-calc' on page 91 undefined on input line 4525.

[91]

LaTeX Warning: Citation `ref-ordyan2020Interactions' on page 92 undefined on input line 4547.

Missing character: There is no μ (U+03BC) in font [lmroman10-regular]:mapping=tex-text;!

LaTeX Warning: Citation `ref-tonnesen2018SuperResolution' on page 92 undefined on input line 4550.


LaTeX Warning: Citation `ref-brette2012Handbook' on page 92 undefined on input line 4562.


LaTeX Warning: Citation `ref-zheng2018Monitoring' on page 92 undefined on input line 4563.

Missing character: There is no α (U+03B1) in font [lmroman10-regular]:mapping=tex-text;!

LaTeX Warning: Citation `ref-lee2009Activation' on page 92 undefined on input line 4571.


LaTeX Warning: Citation `ref-otmakhov2012Measuring' on page 92 undefined on input line 4571.


LaTeX Warning: Citation `ref-petralia2012Distribution' on page 92 undefined on input line 4573.


LaTeX Warning: Citation `ref-lee2009Activation' on page 92 undefined on input line 4583.


LaTeX Warning: Citation `ref-otmakhov2012Measuring' on page 92 undefined on input line 4583.


LaTeX Warning: Citation `ref-cohen2002Protein' on page 92 undefined on input line 4592.


LaTeX Warning: Citation `ref-eastwood2006Minimum' on page 92 undefined on input line 4604.


LaTeX Warning: Citation `ref-pharris2019Multistate' on page 92 undefined on input line 4616.


LaTeX Warning: Citation `ref-bartol2024Spatial' on page 92 undefined on input line 4617.


LaTeX Warning: Citation `ref-yasuda2022CaMKIIa' on page 92 undefined on input line 4618.

[92]

LaTeX Warning: Reference `fig-camkii-dodecamer' on page 93 undefined on input line 4630.


LaTeX Warning: Reference `fig-camkii-dodecamer' on page 93 undefined on input line 4634.


LaTeX Warning: Reference `fig-camkii-dodecamer' on page 93 undefined on input line 4638.

File: 30-methods-figures/camkii_dodecamer_bngl.PNG Graphic file (type bmp)
<30-methods-figures/camkii_dodecamer_bngl.PNG>

LaTeX Warning: Reference `fig-tbl-1' on page 93 undefined on input line 4694.


LaTeX Warning: Citation `ref-myers2017CaMKII' on page 93 undefined on input line 4699.


LaTeX Warning: Citation `ref-bayer2019CaM' on page 93 undefined on input line 4701.


LaTeX Warning: Citation `ref-sanabria2008Spatial' on page 93 undefined on input line 4707.


LaTeX Warning: Reference `fig-tbl-1' on page 93 undefined on input line 4712.


LaTeX Warning: Reference `fig-camkii_nmdar' on page 93 undefined on input line 4714.


LaTeX Warning: Reference `fig-camkii-binding-rxns' on page 93 undefined on input line 4715.


LaTeX Warning: Citation `ref-rumian2024LTP' on page 93 undefined on input line 4730.


LaTeX Warning: Citation `ref-akashi2009NMDA' on page 93 undefined on input line 4731.


LaTeX Warning: Citation `ref-goodell2014CaMKII' on page 93 undefined on input line 4732.


LaTeX Warning: Citation `ref-barcomb2016CaMKIIa' on page 93 undefined on input line 4733.


LaTeX Warning: Reference `sec-discussion' on page 93 undefined on input line 4738.

[93] [94]
File: 30-methods-figures/cbngl_camkii_nmdar.PNG Graphic file (type bmp)
<30-methods-figures/cbngl_camkii_nmdar.PNG>


LaTeX Warning: Reference `sec-CaMKII-NMDAR-association' on page 95 undefined on input line 4763.


LaTeX Warning: Citation `ref-bayer2001Interaction' on page 95 undefined on input line 4768.


LaTeX Warning: Citation `ref-ozden2022CaMKIIb' on page 95 undefined on input line 4769.


LaTeX Warning: Citation `ref-nicoll2023Synaptic' on page 95 undefined on input line 4770.


LaTeX Warning: Citation `ref-bayer2006Transitionb' on page 95 undefined on input line 4771.


LaTeX Warning: Reference `fig-tbl-1' on page 95 undefined on input line 4774.


LaTeX Warning: Citation `ref-kawasaki2017Conformational' on page 95 undefined on input line 4788.


LaTeX Warning: Citation `ref-stefan2008Allostericd' on page 95 undefined on input line 4790.


LaTeX Warning: Citation `ref-pepke2010Dynamic' on page 95 undefined on input line 4791.


LaTeX Warning: Citation `ref-gonzalez-andrade2016Insights' on page 95 undefined on input line 4792.


LaTeX Warning: Citation `ref-linkevicius2025Fitting' on page 95 undefined on input line 4793.


LaTeX Warning: Reference `fig-scheme3-cam' on page 95 undefined on input line 4797.

[95]
File: 30-methods-figures/scheme3_cam.PNG Graphic file (type bmp)
<30-methods-figures/scheme3_cam.PNG>


LaTeX Warning: Citation `ref-pullara2017Mechanisms' on page 96 undefined on input line 4824.


LaTeX Warning: Citation `ref-zhang2017Opposing' on page 96 undefined on input line 4825.


LaTeX Warning: Citation `ref-asciutto2021Physicalc' on page 96 undefined on input line 4826.


LaTeX Warning: Reference `sec-cam-binding-and-t286-p' on page 96 undefined on input line 4830.


LaTeX Warning: Citation `ref-asciutto2021Physicalc' on page 96 undefined on input line 4838.


LaTeX Warning: Citation `ref-asciutto2021Physicalc' on page 96 undefined on input line 4847.


LaTeX Warning: Reference `fig-camkii-binding-rxns' on page 96 undefined on input line 4850.


LaTeX Warning: Citation `ref-hoffman2011Conformational' on page 96 undefined on input line 4866.


LaTeX Warning: Citation `ref-singla2001Molecular' on page 96 undefined on input line 4867.


LaTeX Warning: Citation `ref-gaertner2004Comparative' on page 96 undefined on input line 4868.


LaTeX Warning: Citation `ref-chang2017CaMKII' on page 96 undefined on input line 4872.


LaTeX Warning: Citation `ref-braun1995Multifunctional' on page 96 undefined on input line 4873.


LaTeX Warning: Citation `ref-buard2010CaMKII' on page 96 undefined on input line 4873.


LaTeX Warning: Reference `sec-CaMKII-NMDAR-association' on page 96 undefined on input line 4881.


LaTeX Warning: Citation `ref-ordyan2020Interactions' on page 96 undefined on input line 4888.


LaTeX Warning: Citation `ref-linkevicius2025Fitting' on page 96 undefined on input line 4889.


LaTeX Warning: Citation `ref-khan2024Realtimea' on page 96 undefined on input line 4890.


LaTeX Warning: Citation `ref-hoffman2011Conformational' on page 96 undefined on input line 4893.


LaTeX Warning: Citation `ref-singla2001Molecular' on page 96 undefined on input line 4894.


LaTeX Warning: Citation `ref-gaertner2004Comparative' on page 96 undefined on input line 4895.


LaTeX Warning: Citation `ref-evans2009Energetics' on page 96 undefined on input line 4898.


LaTeX Warning: Citation `ref-bossuyt2013Visualizing' on page 96 undefined on input line 4898.

[96]

LaTeX Warning: Citation `ref-rellos2010Structure' on page 97 undefined on input line 4908.


LaTeX Warning: Reference `sec-camkii-flicker' on page 97 undefined on input line 4923.


LaTeX Warning: Reference `sec-cam-binding-and-t286-p' on page 97 undefined on input line 4944.


LaTeX Warning: Citation `ref-migues2006Phosphorylation' on page 97 undefined on input line 4946.


LaTeX Warning: Citation `ref-gangopadhyay2008Regulation' on page 97 undefined on input line 4947.


LaTeX Warning: Citation `ref-lou1986Activation' on page 97 undefined on input line 4957.


LaTeX Warning: Citation `ref-hoffman2011Investigation' on page 97 undefined on input line 4958.


LaTeX Warning: Citation `ref-rellos2010Structureb' on page 97 undefined on input line 4970.


LaTeX Warning: Citation `ref-nicoll2005Synaptic' on page 97 undefined on input line 4971.

[97]

LaTeX Warning: Reference `fig-docked-undocked' on page 98 undefined on input line 4981.


LaTeX Warning: Reference `sec-biology-chapter' on page 98 undefined on input line 4982.


LaTeX Warning: Reference `fig-camkii-binding-rxns' on page 98 undefined on input line 4983.


LaTeX Warning: Reference `sec-camkii-as-dodecamer' on page 98 undefined on input line 4993.


LaTeX Warning: Citation `ref-cook2021CaMKIIb' on page 98 undefined on input line 5002.


LaTeX Warning: Citation `ref-colbran2004Protein' on page 98 undefined on input line 5019.


LaTeX Warning: Citation `ref-cohen1997Novel' on page 98 undefined on input line 5020.


LaTeX Warning: Citation `ref-shioda2017Physiological' on page 98 undefined on input line 5024.


LaTeX Warning: Citation `ref-colbran2004Protein' on page 98 undefined on input line 5037.

[98]

LaTeX Warning: Reference `fig-tbl-1' on page 99 undefined on input line 5057.


LaTeX Warning: Reference `fig-mcell-works' on page 99 undefined on input line 5070.

File: 30-methods-figures/table_rxns1.PNG Graphic file (type bmp)
<30-methods-figures/table_rxns1.PNG>
[99]
File: 30-methods-figures/camkii-binding-rxns.PNG Graphic file (type bmp)
<30-methods-figures/camkii-binding-rxns.PNG>
 [100]

LaTeX Warning: Citation `ref-romangarcia2017Computationala' on page 101 undefined on input line 5150.


LaTeX Warning: Reference `tbl-model-predictions' on page 101 undefined on input line 5157.

[101]

LaTeX Warning: Reference `fig-tbl-1' on page 102 undefined on input line 5165.


LaTeX Warning: Reference `fig-tbl-1' on page 102 undefined on input line 5198.


LaTeX Warning: Reference `fig-tbl-1' on page 102 undefined on input line 5201.


LaTeX Warning: Reference `fig-camkii-t286p-nmdar-b' on page 102 undefined on input line 5202.


LaTeX Warning: Reference `fig-tbl-1' on page 102 undefined on input line 5206.


LaTeX Warning: Reference `fig-tbl-1' on page 102 undefined on input line 5209.


LaTeX Warning: Reference `fig-camkii-open' on page 102 undefined on input line 5210.


LaTeX Warning: Reference `fig-tbl-1' on page 102 undefined on input line 5214.


LaTeX Warning: Reference `fig-subsets-of-camkii-t286p-cam-binding' on page 102 undefined on input line 5215.


LaTeX Warning: Reference `fig-tbl-1' on page 102 undefined on input line 5219.


LaTeX Warning: Reference `fig-t306p' on page 102 undefined on input line 5220.


LaTeX Warning: Reference `fig-t306p_anova' on page 102 undefined on input line 5220.


LaTeX Warning: Reference `fig-tbl-1' on page 102 undefined on input line 5223.


LaTeX Warning: Reference `fig-tbl-1' on page 102 undefined on input line 5239.

[102]
Missing character: There is no ⁺ (U+207A) in font [lmroman10-regular]:mapping=tex-text;!

LaTeX Warning: Reference `sec-results' on page 103 undefined on input line 5338.

[103]

LaTeX Warning: Reference `sec-intro-comp' on page 104 undefined on input line 5343.


LaTeX Warning: Citation `ref-sumathi2002Priori' on page 104 undefined on input line 5348.


LaTeX Warning: Citation `ref-mcdonald2022Parameter' on page 104 undefined on input line 5348.


LaTeX Warning: Citation `ref-pharris2019Multistate' on page 104 undefined on input line 5354.


LaTeX Warning: Citation `ref-holmes2000Models' on page 104 undefined on input line 5355.


LaTeX Warning: Citation `ref-bartol2024Spatial' on page 104 undefined on input line 5355.


LaTeX Warning: Citation `ref-linkevicius2025Fitting' on page 104 undefined on input line 5362.


LaTeX Warning: Reference `fig-tbl-1' on page 104 undefined on input line 5365.


LaTeX Warning: Reference `fig-tbl-1' on page 104 undefined on input line 5367.


LaTeX Warning: Citation `ref-pharris2019Multistate' on page 104 undefined on input line 5375.


LaTeX Warning: Citation `ref-pharris2019Multistate' on page 104 undefined on input line 5382.


LaTeX Warning: Reference `fig-open-close-t286p' on page 104 undefined on input line 5400.


LaTeX Warning: Reference `fig-open-close-camca4' on page 104 undefined on input line 5400.

[104]

LaTeX Warning: Citation `ref-pharris2019Multistate' on page 105 undefined on input line 5439.

File: validation-figures/open-close-t286p.png Graphic file (type bmp)
<validation-figures/open-close-t286p.png>

LaTeX Warning: Citation `ref-pharris2019Multistate' on page 105 undefined on input line 5463.


LaTeX Warning: Citation `ref-pharris2019Multistate' on page 105 undefined on input line 5463.

File: validation-figures/open-close-camca4.png Graphic file (type bmp)
<validation-figures/open-close-camca4.png>

LaTeX Warning: Citation `ref-pharris2019Multistate' on page 105 undefined on input line 5486.


LaTeX Warning: Citation `ref-pharris2019Multistate' on page 105 undefined on input line 5486.

[105]

LaTeX Warning: Reference `fig-nmdar-varying-kd-cam-ca4' on page 106 undefined on input line 5501.


LaTeX Warning: Reference `fig-nmdar-varying-kd-camkiit286p' on page 106 undefined on input line 5502.


LaTeX Warning: Citation `ref-leonard2002Regulation' on page 106 undefined on input line 5512.


LaTeX Warning: Citation `ref-strack1998Autophosphorylationdependent' on page 106 undefined on input line 5515.


LaTeX Warning: Citation `ref-barria2005NMDA' on page 106 undefined on input line 5515.


LaTeX Warning: Citation `ref-romangarcia2017Computationala' on page 106 undefined on input line 5517.

File: validation-figures/nmdar-varying-kd-cam-ca4.png Graphic file (type bmp)
<validation-figures/nmdar-varying-kd-cam-ca4.png>
[106]
File: validation-figures/nmdar-varying-kd-camkiit286p.png Graphic file (type bmp)
<validation-figures/nmdar-varying-kd-camkiit286p.png>
 [107]

LaTeX Warning: Reference `fig-tbl-1' on page 108 undefined on input line 5582.


LaTeX Warning: Reference `sec-discussion' on page 108 undefined on input line 5623.

[108]
chapter 6.

LaTeX Warning: Reference `sec-model-description' on page 109 undefined on input line 5634.


LaTeX Warning: Reference `sec-expected-outputs' on page 109 undefined on input line 5643.


LaTeX Warning: Reference `fig-t286p-means' on page 109 undefined on input line 5671.


LaTeX Warning: Reference `fig-t286p-means' on page 109 undefined on input line 5677.

[109

]

LaTeX Warning: Reference `fig-t286p-means' on page 110 undefined on input line 5695.


LaTeX Warning: Reference `fig-observable_names' on page 110 undefined on input line 5723.

[110]
File: 40-results-figures/WT/t286p-means.PNG Graphic file (type bmp)
<40-results-figures/WT/t286p-means.PNG>

Underfull \hbox (badness 1661) in paragraph at lines 5744--5744
[][][]|[]\TU/lmr/m/n/10.95 CaM binding and NMDAR binding independently stabilise CaMKII activity in the early stages of the simulation. Final
 []


Underfull \hbox (badness 1571) in paragraph at lines 5744--5744
\TU/lmr/m/n/10.95 value means of total molecule counts (mean ± SD): camkii_open (108.00 ± 5.12); camkii_cam_ca4 (79.22 ± 3.85); nm-
 []


Underfull \hbox (badness 6575) in paragraph at lines 5744--5744
\TU/lmr/m/n/10.95 (27.11 ± 1.37); camkii_cam_unbound_t286p1_bound_nmdar (24.67 ± 1.25); camkii_cam_ca4_t286p1 (24.33 ± 4.45);
 []


LaTeX Warning: Float too large for page by 78.01047pt on input line 5746.

[111]
File: 40-results-figures/observable_names.PNG Graphic file (type bmp)
<40-results-figures/observable_names.PNG>


LaTeX Warning: Reference `sec-model-description' on page 112 undefined on input line 5767.


LaTeX Warning: Reference `fig-calcium-binding' on page 112 undefined on input line 5774.

[112


]
File: 40-results-figures/WT/calcium-binding.png Graphic file (type bmp)
<40-results-figures/WT/calcium-binding.png>
 [113]

LaTeX Warning: Reference `fig-cam-camkii-binding' on page 114 undefined on input line 5823.


LaTeX Warning: Reference `fig-cam-camkii-binding' on page 114 undefined on input line 5830.

[114]

LaTeX Warning: Reference `fig-tbl-1' on page 115 undefined on input line 5847.


LaTeX Warning: Reference `fig-cam-camkii-binding' on page 115 undefined on input line 5848.


LaTeX Warning: Reference `fig-camkii-opening-nmdar' on page 115 undefined on input line 5853.


LaTeX Warning: Reference `fig-camkii-opening-nmdar' on page 115 undefined on input line 5862.


Underfull \hbox (badness 1067) in paragraph at lines 5866--5877
[]\TU/lmr/m/n/10.95 Initially, the level of CaMKII free from CaM that are still in their open conformation
 []


LaTeX Warning: Reference `fig-camkii-opening-nmdar' on page 115 undefined on input line 5878.


LaTeX Warning: Reference `sec-discussion' on page 115 undefined on input line 5898.

[115]
File: 40-results-figures/WT/cam-camkii-binding.png Graphic file (type bmp)
<40-results-figures/WT/cam-camkii-binding.png>
File: 40-results-figures/WT/camkii-open-nmdar.png Graphic file (type bmp)
<40-results-figures/WT/camkii-open-nmdar.png>


LaTeX Warning: Reference `fig-subsets-of-open-t286p1_p0' on page 116 undefined on input line 5952.

[116]

LaTeX Warning: Reference `fig-subsets-of-open-t286p1_p0' on page 117 undefined on input line 5960.


LaTeX Warning: Reference `fig-camkii-t286p-nmdar-b' on page 117 undefined on input line 5967.


LaTeX Warning: Reference `fig-subsets_nmdar-t268p' on page 117 undefined on input line 5972.


LaTeX Warning: Reference `fig-camkii-t286p-nmdar-b' on page 117 undefined on input line 5975.


LaTeX Warning: Reference `fig-subsets_nmdar-t268p' on page 117 undefined on input line 5982.


LaTeX Warning: Reference `sec-discussion' on page 117 undefined on input line 5985.

File: 40-results-figures/WT/subsets-of-open-t286p1_p0.png Graphic file (type bmp)
<40-results-figures/WT/subsets-of-open-t286p1_p0.png>
[117]
File: 40-results-figures/WT/camkii-t286p.png Graphic file (type bmp)
<40-results-figures/WT/camkii-t286p.png>
File: 40-results-figures/WT/subsets_nmdar-t268p.png Graphic file (type bmp)
<40-results-figures/WT/subsets_nmdar-t268p.png>

Underfull \hbox (badness 10000) in paragraph at lines 6031--6031
[][][]|[]\TU/lmr/m/n/10.95 Most CaMKII phosphorylated at T286 and bound to NM-
 []


Underfull \hbox (badness 10000) in paragraph at lines 6031--6031
\TU/lmr/m/n/10.95 DARs (camkii_t286p1_bound_nmdar) is free from CaM
 []

[118]

LaTeX Warning: Reference `sec-cam-binding-and-t286-p' on page 119 undefined on input line 6038.


LaTeX Warning: Reference `fig-subsets-of-camkii-t286p-cam-binding' on page 119 undefined on input line 6044.


LaTeX Warning: Reference `fig-subsets-of-camkii-t286p-cam-binding' on page 119 undefined on input line 6055.


LaTeX Warning: Reference `fig-xsubsets_nmdar-t268p' on page 119 undefined on input line 6062.


LaTeX Warning: Reference `fig-subsets_nmdar-t268p' on page 119 undefined on input line 6064.

File: 40-results-figures/WT/subsets-of-camkii-t286p-cam-binding.png Graphic file (type bmp)
<40-results-figures/WT/subsets-of-camkii-t286p-cam-binding.png>

Underfull \hbox (badness 1668) in paragraph at lines 6090--6090
\TU/lmr/m/n/10.95 (camki_t286p), most of it first increases in a state that is free from CaM
 []

[119]
File: 40-results-figures/WT/xsubsets_nmdar-t268p.png Graphic file (type bmp)
<40-results-figures/WT/xsubsets_nmdar-t268p.png>


LaTeX Warning: Citation `ref-chang2017CaMKII' on page 120 undefined on input line 6115.


LaTeX Warning: Citation `ref-otmakhov2015Fast' on page 120 undefined on input line 6116.


LaTeX Warning: Reference `fig-t306p' on page 120 undefined on input line 6119.


LaTeX Warning: Reference `fig-t306p' on page 120 undefined on input line 6121.


LaTeX Warning: Reference `fig-t306p' on page 120 undefined on input line 6126.


LaTeX Warning: Citation `ref-pi2010Autonomousa' on page 120 undefined on input line 6131.

File: 40-results-figures/WT/t306p.png Graphic file (type bmp)
<40-results-figures/WT/t306p.png>
[120]
Overfull \vbox (31.39154pt too high) has occurred while \output is active []

 [121]

LaTeX Warning: Reference `fig-t306p' on page 122 undefined on input line 6158.


LaTeX Warning: Citation `ref-bhattacharyya2020Flexible' on page 122 undefined on input line 6165.


LaTeX Warning: Citation `ref-hanson1992Inhibitory' on page 122 undefined on input line 6166.


LaTeX Warning: Citation `ref-pi2010Autonomousa' on page 122 undefined on input line 6167.


LaTeX Warning: Reference `fig-t306p-nmdar-binding' on page 122 undefined on input line 6170.


LaTeX Warning: Reference `fig-t306p-nmdar-binding' on page 122 undefined on input line 6173.

File: 40-results-figures/WT/t306p-nmdar-binding.png Graphic file (type bmp)
<40-results-figures/WT/t306p-nmdar-binding.png>

Underfull \hbox (badness 5147) in paragraph at lines 6191--6191
\TU/lmr/m/n/10.95 phosphorylation ensues, followed by an increase in T306 phosphorylation
 []


Underfull \hbox (badness 1655) in paragraph at lines 6191--6191
\TU/lmr/m/n/10.95 (camkii_t306p1_bound_nmdar) -and a T306 unphosphorylated state decrease
 []


LaTeX Warning: Reference `fig-t306p-nmdar-binding' on page 122 undefined on input line 6208.

[122]

LaTeX Warning: Citation `ref-colbran2004Protein' on page 123 undefined on input line 6238.


LaTeX Warning: Citation `ref-miller1986Regulation' on page 123 undefined on input line 6239.


LaTeX Warning: Citation `ref-coultrap2010CaMKIIa' on page 123 undefined on input line 6240.


LaTeX Warning: Citation `ref-lou1986Activation' on page 123 undefined on input line 6241.


LaTeX Warning: Reference `fig-tbl-1' on page 123 undefined on input line 6246.


LaTeX Warning: Citation `ref-sanhueza2013CaMKII' on page 123 undefined on input line 6252.


LaTeX Warning: Citation `ref-bayer2001Interactiona' on page 123 undefined on input line 6256.


LaTeX Warning: Citation `ref-bayer2001Interactiona' on page 123 undefined on input line 6258.


LaTeX Warning: Reference `fig-tbl-1' on page 123 undefined on input line 6260.


LaTeX Warning: Reference `fig-molecule-concentrations' on page 123 undefined on input line 6270.


LaTeX Warning: Reference `fig-tbl-1' on page 123 undefined on input line 6271.

[123]

LaTeX Warning: Reference `fig-camkii_open_anova' on page 124 undefined on input line 6305.

File: 40-results-figures/statistics/camkii_open_anova.png Graphic file (type bmp)
<40-results-figures/statistics/camkii_open_anova.png>
[124]

LaTeX Warning: Reference `fig-CaMKII_CaM_Ca4_anova' on page 125 undefined on input line 6368.

[125]
File: 40-results-figures/statistics/CaMKII_CaM_Ca4_anova.png Graphic file (type bmp)
<40-results-figures/statistics/CaMKII_CaM_Ca4_anova.png>


LaTeX Warning: Reference `fig-camkii_cam_unbound_open' on page 126 undefined on input line 6426.

[126]
File: 40-results-figures/statistics/camkii_cam_unbound_open.png Graphic file (type bmp)
<40-results-figures/statistics/camkii_cam_unbound_open.png>

Underfull \hbox (badness 1990) in paragraph at lines 6461--6461
[][][]|[]\TU/lmr/m/n/10.95 NMDAR binding is crucial for maintaining CaMKII in its open, CaM-free
 []


LaTeX Warning: Reference `fig-camkii_t286p_nmdarMT' on page 127 undefined on input line 6485.

[127]

LaTeX Warning: Reference `fig-t306p_anova' on page 128 undefined on input line 6491.

File: 40-results-figures/statistics/camkii_t286p_nmdarMT.png Graphic file (type bmp)
<40-results-figures/statistics/camkii_t286p_nmdarMT.png>
[128]
File: 40-results-figures/statistics/t306p_anova.png Graphic file (type bmp)
<40-results-figures/statistics/t306p_anova.png>
 [129]

LaTeX Warning: Reference `fig-nmdar_MTvsWT' on page 130 undefined on input line 6553.


LaTeX Warning: Reference `fig-t306p-nmdar-binding' on page 130 undefined on input line 6562.

File: 40-results-figures/statistics/nmdar_MTvsWT.png Graphic file (type bmp)
<40-results-figures/statistics/nmdar_MTvsWT.png>
[130] [131]
chapter 7.
[132

]
chapter 8.

LaTeX Warning: Reference `sec-model-description' on page 133 undefined on input line 6628.


LaTeX Warning: Reference `sec-model-description' on page 133 undefined on input line 6633.


LaTeX Warning: Reference `sec-validating-model' on page 133 undefined on input line 6646.


LaTeX Warning: Citation `ref-pharris2019Multistate' on page 133 undefined on input line 6647.


LaTeX Warning: Citation `ref-leonard2002Regulation' on page 133 undefined on input line 6648.


LaTeX Warning: Reference `sec-validating-model' on page 133 undefined on input line 6652.


LaTeX Warning: Reference `sec-open-repro-chapter' on page 133 undefined on input line 6663.

[133

] [134]
Overfull \hbox (9.05447pt too wide) in paragraph at lines 6769--6770
\TU/lmr/m/it/10.95 shown 
 []


Overfull \hbox (1.56468pt too wide) in paragraph at lines 6769--6770
\TU/lmr/m/it/10.95 6.12, 
 []


Overfull \hbox (0.63393pt too wide) in paragraph at lines 6769--6770
\TU/lmr/m/it/10.95 NM- 
 []


Overfull \hbox (50.24837pt too wide) in paragraph at lines 6769--6770
\TU/lmr/m/it/10.95 DAR/CaMKII 
 []


Overfull \hbox (2.58304pt too wide) in paragraph at lines 6769--6770
\TU/lmr/m/it/10.95 bind- 
 []


Overfull \hbox (5.45192pt too wide) in paragraph at lines 6769--6770
\TU/lmr/m/it/10.95 hibits 
 []


Overfull \hbox (7.76236pt too wide) in paragraph at lines 6769--6770
\TU/lmr/m/it/10.95 cantly 
 []


Overfull \hbox (6.03226pt too wide) in paragraph at lines 6769--6770
\TU/lmr/m/it/10.95 duced 
 []


Overfull \hbox (3.56853pt too wide) in paragraph at lines 6769--6770
\TU/lmr/m/it/10.95 num- 
 []


Overfull \hbox (20.03732pt too wide) in paragraph at lines 6769--6770
\TU/lmr/m/it/10.95 CaMKII 
 []


Overfull \hbox (24.89912pt too wide) in paragraph at lines 6769--6770
\TU/lmr/m/it/10.95 molecules 
 []


Overfull \hbox (1.49898pt too wide) in paragraph at lines 6769--6770
\TU/lmr/m/it/10.95 open 
 []


Overfull \hbox (2.34212pt too wide) in paragraph at lines 6769--6770
\TU/lmr/m/it/10.95 state 
 []


Overfull \hbox (1.44421pt too wide) in paragraph at lines 6769--6770
\TU/lmr/m/it/10.95 com- 
 []


Overfull \hbox (5.61617pt too wide) in paragraph at lines 6769--6770
\TU/lmr/m/it/10.95 pared 
 []


Overfull \hbox (1.60847pt too wide) in paragraph at lines 6769--6770
\TU/lmr/m/it/10.95 wild- 
 []


Overfull \hbox (0.59013pt too wide) in paragraph at lines 6769--6770
\TU/lmr/m/it/10.95 type, 
 []


Overfull \hbox (1.44421pt too wide) in paragraph at lines 6769--6770
\TU/lmr/m/it/10.95 com- 
 []


Overfull \hbox (5.61617pt too wide) in paragraph at lines 6769--6770
\TU/lmr/m/it/10.95 pared 
 []


Overfull \hbox (3.60136pt too wide) in paragraph at lines 6769--6770
\TU/lmr/m/it/10.95 T286 
 []


Overfull \hbox (1.42232pt too wide) in paragraph at lines 6769--6770
\TU/lmr/m/it/10.95 next. 
 []


Overfull \hbox (2.45161pt too wide) in paragraph at lines 6769--6770
\TU/lmr/m/it/10.95 gests 
 []


Overfull \hbox (0.63393pt too wide) in paragraph at lines 6769--6770
\TU/lmr/m/it/10.95 NM- 
 []


Overfull \hbox (3.89702pt too wide) in paragraph at lines 6769--6770
\TU/lmr/m/it/10.95 DAR 
 []


Overfull \hbox (2.58304pt too wide) in paragraph at lines 6769--6770
\TU/lmr/m/it/10.95 bind- 
 []


Overfull \hbox (6.64548pt too wide) in paragraph at lines 6769--6770
\TU/lmr/m/it/10.95 main- 
 []


Overfull \hbox (1.20332pt too wide) in paragraph at lines 6769--6770
\TU/lmr/m/it/10.95 tain- 
 []


Overfull \hbox (20.03732pt too wide) in paragraph at lines 6769--6770
\TU/lmr/m/it/10.95 CaMKII 
 []


Overfull \hbox (1.49898pt too wide) in paragraph at lines 6769--6770
\TU/lmr/m/it/10.95 open 
 []


Overfull \hbox (0.76534pt too wide) in paragraph at lines 6769--6770
\TU/lmr/m/it/10.95 mot- 
 []


Overfull \hbox (3.60136pt too wide) in paragraph at lines 6769--6770
\TU/lmr/m/it/10.95 T286 
 []


Overfull \hbox (4.55403pt too wide) in paragraph at lines 6769--6770
\TU/lmr/m/it/10.95 phos- 
 []


Overfull \hbox (2.32022pt too wide) in paragraph at lines 6769--6770
\TU/lmr/m/it/10.95 high- 
 []


Overfull \hbox (3.05388pt too wide) in paragraph at lines 6769--6770
\TU/lmr/m/it/10.95 light- 
 []


Overfull \hbox (67.06757pt too wide) in paragraph at lines 6769--6770
\TU/lmr/m/it/10.95 CaMKII/NMDAR 
 []


Overfull \hbox (2.93343pt too wide) in paragraph at lines 6769--6770
\TU/lmr/m/it/10.95 tions 
 []


Overfull \hbox (20.03732pt too wide) in paragraph at lines 6769--6770
\TU/lmr/m/it/10.95 CaMKII 
 []


Overfull \hbox (3.72183pt too wide) in paragraph at lines 6769--6770
\TU/lmr/m/it/10.95 func- 
 []


Overfull \hbox (1.81653pt too wide) in paragraph at lines 6769--6770
\TU/lmr/m/it/10.95 tion.|  
 []

[135]

Package longtable Warning: Column widths have changed
(longtable)                in table 8.1 on input line 6770.

[136]
Overfull \vbox (765.80038pt too high) has occurred while \output is active []

 [137]

LaTeX Warning: Citation `ref-chang2017CaMKII' on page 138 undefined on input line 6795.


LaTeX Warning: Citation `ref-braun1995Multifunctional' on page 138 undefined on input line 6796.


LaTeX Warning: Citation `ref-buard2010CaMKII' on page 138 undefined on input line 6796.


LaTeX Warning: Citation `ref-bayer2001Interaction' on page 138 undefined on input line 6805.


LaTeX Warning: Citation `ref-nicoll2023Synaptic' on page 138 undefined on input line 6806.


LaTeX Warning: Citation `ref-bayer2006Transitionb' on page 138 undefined on input line 6807.


LaTeX Warning: Citation `ref-bayer2001Interaction' on page 138 undefined on input line 6825.


LaTeX Warning: Citation `ref-barcomb2016CaMKIIa' on page 138 undefined on input line 6826.


LaTeX Warning: Reference `fig-camkii-opening-nmdar' on page 138 undefined on input line 6846.


LaTeX Warning: Citation `ref-bayer2001Interaction' on page 138 undefined on input line 6852.


LaTeX Warning: Citation `ref-ozden2022CaMKII' on page 138 undefined on input line 6853.

[138]

LaTeX Warning: Citation `ref-cook2021CaMKIIb' on page 139 undefined on input line 6872.


LaTeX Warning: Citation `ref-goodell2017DAPK1' on page 139 undefined on input line 6873.


LaTeX Warning: Citation `ref-goodell2017DAPK1' on page 139 undefined on input line 6874.


LaTeX Warning: Reference `fig-CaMKII_CaM_Ca4_anova' on page 139 undefined on input line 6902.


LaTeX Warning: Citation `ref-hanson1992Inhibitory' on page 139 undefined on input line 6905.


LaTeX Warning: Citation `ref-colbran1993Inactivation' on page 139 undefined on input line 6906.


LaTeX Warning: Citation `ref-cook2021CaMKIIb' on page 139 undefined on input line 6907.


LaTeX Warning: Reference `sec-biology-chapter' on page 139 undefined on input line 6908.

[139]

LaTeX Warning: Citation `ref-bayer2001Interaction' on page 140 undefined on input line 6933.


LaTeX Warning: Citation `ref-cohen2002Protein' on page 140 undefined on input line 6941.


LaTeX Warning: Citation `ref-pharris2019Multistate' on page 140 undefined on input line 6951.


LaTeX Warning: Reference `sec-biology-chapter' on page 140 undefined on input line 6961.


LaTeX Warning: Citation `ref-brette2012Handbook' on page 140 undefined on input line 6964.


LaTeX Warning: Citation `ref-otmakhov2012Measuring' on page 140 undefined on input line 6964.


LaTeX Warning: Citation `ref-otmakhov2012Measuring' on page 140 undefined on input line 6965.


LaTeX Warning: Citation `ref-chang2019Mechanismsa' on page 140 undefined on input line 6982.


LaTeX Warning: Citation `ref-chang2017CaMKII' on page 140 undefined on input line 6990.


LaTeX Warning: Citation `ref-gupta2018Spatial' on page 140 undefined on input line 6997.


LaTeX Warning: Citation `ref-bayer2001Interactiona' on page 140 undefined on input line 7006.


LaTeX Warning: Citation `ref-bayer2001Interactiona' on page 140 undefined on input line 7010.

[140]

LaTeX Warning: Citation `ref-ozden2022CaMKII' on page 141 undefined on input line 7021.


LaTeX Warning: Citation `ref-kim2016Interplay' on page 141 undefined on input line 7022.


LaTeX Warning: Citation `ref-breitwieser2021BioDynaMo' on page 141 undefined on input line 7027.


LaTeX Warning: Citation `ref-breitwieser2021BioDynaMo' on page 141 undefined on input line 7032.


LaTeX Warning: Citation `ref-trajlinek2022How' on page 141 undefined on input line 7052.

[141]
chapter 9.
[142

]
chapter 10.

Underfull \hbox (badness 2744) in paragraph at lines 7165--7171
\TU/lmr/m/n/10.95 Co-authored and available at: [][]$[][][][][] [] [] [] [][][][] [] [][][] [][] [][][][][][] [][] [][][] [] [][][] [] [][][][][][][] [][] [][][][][][][][] [] [][][][] [][]
 []

[143

] [144]
Missing character: There is no β (U+03B2) in font [lmroman10-regular]:mapping=tex-text;!
[145

] [146] [147] [148]
Missing character: There is no ζ (U+03B6) in font [lmroman10-regular]:mapping=tex-text;!
[149] [150] [151]
Missing character: There is no α (U+03B1) in font [lmroman10-regular]:mapping=tex-text;!
[152]
Missing character: There is no δ (U+03B4) in font [lmroman10-regular]:mapping=tex-text;!
[153] [154]
Missing character: There is no α (U+03B1) in font [lmroman10-regular]:mapping=tex-text;!
Missing character: There is no β (U+03B2) in font [lmroman10-regular]:mapping=tex-text;!
Missing character: There is no γ (U+03B3) in font [lmroman10-regular]:mapping=tex-text;!
Missing character: There is no δ (U+03B4) in font [lmroman10-regular]:mapping=tex-text;!
[155]
Missing character: There is no δ (U+03B4) in font [lmroman10-regular]:mapping=tex-text;!
[156]
Missing character: There is no α (U+03B1) in font [lmroman10-regular]:mapping=tex-text;!
Missing character: There is no α (U+03B1) in font [lmroman10-regular]:mapping=tex-text;!
Missing character: There is no α (U+03B1) in font [lmroman10-regular]:mapping=tex-text;!
[157]
Missing character: There is no ε (U+03B5) in font [lmroman10-regular]:mapping=tex-text;!
[158]
Missing character: There is no β (U+03B2) in font [lmroman10-regular]:mapping=tex-text;!
Missing character: There is no α (U+03B1) in font [lmroman10-regular]:mapping=tex-text;!
Missing character: There is no β (U+03B2) in font [lmroman10-regular]:mapping=tex-text;!
Missing character: There is no α (U+03B1) in font [lmroman10-regular]:mapping=tex-text;!
Missing character: There is no β (U+03B2) in font [lmroman10-regular]:mapping=tex-text;!
[159] [160] [161] [162] [163] [164] [165]
Underfull \hbox (badness 1460) in paragraph at lines 9758--9758
\TU/lmr/m/n/10.95 trieved from [][]$[][][][][] [] [] [] [][] [] [][][][] [] [][][] [] [][] [] [] [] [][] [] [] [] [][][][][][][] [] [][][][][][] [] [][][][][][][][][][] [] [] [] [][][][] []
 []

[166]
Underfull \hbox (badness 1377) in paragraph at lines 9873--9873
[]|\TU/lmr/m/n/10.95 opendatasoft. (n.d.). What is open data? - Practical Guide. Opendatasoft.
 []


Underfull \hbox (badness 1953) in paragraph at lines 9959--9959
\TU/lmr/m/n/10.95 of the Council of 27 April 2016 on the protection of natural persons with re-
 []


Underfull \hbox (badness 1033) in paragraph at lines 9959--9959
\TU/lmr/m/n/10.95 gard to the processing of personal data and on the free movement of such data
 []


Underfull \hbox (badness 2617) in paragraph at lines 9959--9959
\TU/lmr/m/n/10.95 Text, https://webarchive.nationalarchives.gov.uk/eu-exit/https://eur-lex.europa.eu/legal-
 []

[167]
Underfull \hbox (badness 2452) in paragraph at lines 10043--10043
[]|\TU/lmr/m/n/10.95 GitHub, W. (n.d.). About READMEs. GitHub Docs. Retrieved April 13,
 []


Underfull \hbox (badness 1253) in paragraph at lines 10043--10043
\TU/lmr/m/n/10.95 2025, from [][]$[][][][][] [] [] [] [][][][] [][] [][][][][][][][] [] [][][][][][] [] [][][] [] [][] [] [][][][][][][][][][][][] [] [][][][][][][][] [][] [][][][] [][] [][][][][][][][][][][] [][]
 []

[168] [169] [170]
Missing character: There is no α (U+03B1) in font [lmroman10-regular]:mapping=tex-text;!
[171] [172]
Missing character: There is no δ (U+03B4) in font [lmroman10-regular]:mapping=tex-text;!
[173]
No file diff.ind.

Package longtable Warning: Table widths have changed. Rerun LaTeX.

[174] (./diff.aux)
 ***********
LaTeX2e <2023-11-01> patch level 1
L3 programming layer <2024-02-20>
 ***********


LaTeX Warning: There were undefined references.


LaTeX Warning: Label(s) may have changed. Rerun to get cross-references right.

 ) 
Here is how much of TeX's memory you used:
 26362 strings out of 476757
 527115 string characters out of 5800362
 1959842 words of memory out of 5000000
 47987 multiletter control sequences out of 15000+600000
 561758 words of font info for 75 fonts, out of 8000000 for 9000
 14 hyphenation exceptions out of 8191
 108i,17n,121p,10901b,633s stack positions out of 10000i,1000n,20000p,200000b,200000s

Output written on diff.pdf (174 pages).
